------------- Inserción de Datos Autores ------------- 
insert into autores (NombreAutor, Nacionalidad, FechaNacimiento) values ('Ameline Lauga', 'Philippines', '2023-06-13');
insert into autores (NombreAutor, Nacionalidad, FechaNacimiento) values ('Kristen Kief', 'Ukraine', '2019-03-09');
insert into autores (NombreAutor, Nacionalidad, FechaNacimiento) values ('Henrieta Dingwall', 'Philippines', '2015-08-05');
insert into autores (NombreAutor, Nacionalidad, FechaNacimiento) values ('Gabriela MacTurlough', 'Greece', '2019-06-10');
insert into autores (NombreAutor, Nacionalidad, FechaNacimiento) values ('Keir Werndly', 'Philippines', '2021-03-28');
insert into autores (NombreAutor, Nacionalidad, FechaNacimiento) values ('Josey Lapidus', 'China', '2014-08-05');
insert into autores (NombreAutor, Nacionalidad, FechaNacimiento) values ('Gib Josskovitz', 'China', '2019-09-10');
insert into autores (NombreAutor, Nacionalidad, FechaNacimiento) values ('Davidde Rising', 'China', '2012-09-05');
insert into autores (NombreAutor, Nacionalidad, FechaNacimiento) values ('Edouard Thornally', 'China', '2018-08-06');
insert into autores (NombreAutor, Nacionalidad, FechaNacimiento) values ('Falkner Keunemann', 'South Korea', '2011-05-11');
insert into autores (NombreAutor, Nacionalidad, FechaNacimiento) values ('Neils Brandes', 'China', '2014-11-22');
insert into autores (NombreAutor, Nacionalidad, FechaNacimiento) values ('Deonne Kivits', 'Brazil', '2012-12-12');
insert into autores (NombreAutor, Nacionalidad, FechaNacimiento) values ('Ginny Benzing', 'Mozambique', '2010-02-02');
insert into autores (NombreAutor, Nacionalidad, FechaNacimiento) values ('Charyl Harden', 'China', '2020-02-21');
insert into autores (NombreAutor, Nacionalidad, FechaNacimiento) values ('Sacha Weddeburn - Scrimgeour', 'Ireland', '2022-04-14');
insert into autores (NombreAutor, Nacionalidad, FechaNacimiento) values ('Lesya Ingarfill', 'China', '2017-11-19');
insert into autores (NombreAutor, Nacionalidad, FechaNacimiento) values ('Loni Hayball', 'Canada', '2011-04-19');
insert into autores (NombreAutor, Nacionalidad, FechaNacimiento) values ('Stephenie Bowring', 'Philippines', '2019-01-18');
insert into autores (NombreAutor, Nacionalidad, FechaNacimiento) values ('Sheffy Bernini', 'Portugal', '2014-04-30');
insert into autores (NombreAutor, Nacionalidad, FechaNacimiento) values ('Lorens Jeffers', 'Thailand', '2012-09-02');
insert into autores (NombreAutor, Nacionalidad, FechaNacimiento) values ('Gussi Baudasso', 'China', '2010-10-27');
insert into autores (NombreAutor, Nacionalidad, FechaNacimiento) values ('Bay Wigmore', 'Latvia', '2011-12-04');
insert into autores (NombreAutor, Nacionalidad, FechaNacimiento) values ('Padget Cramphorn', 'Indonesia', '2016-08-18');
insert into autores (NombreAutor, Nacionalidad, FechaNacimiento) values ('Eolande Campbell-Dunlop', 'China', '2010-04-04');
insert into autores (NombreAutor, Nacionalidad, FechaNacimiento) values ('Hershel Spring', 'Iran', '2011-11-03');
insert into autores (NombreAutor, Nacionalidad, FechaNacimiento) values ('Brittney Shortan', 'Philippines', '2020-12-13');
insert into autores (NombreAutor, Nacionalidad, FechaNacimiento) values ('Jaime Arthars', 'Mongolia', '2017-09-08');
insert into autores (NombreAutor, Nacionalidad, FechaNacimiento) values ('Jerome Ugolini', 'United States', '2022-07-06');
insert into autores (NombreAutor, Nacionalidad, FechaNacimiento) values ('Ichabod McIllrick', 'Kenya', '2022-08-06');
insert into autores (NombreAutor, Nacionalidad, FechaNacimiento) values ('Lindie Splevings', 'Indonesia', '2019-06-30');
insert into autores (NombreAutor, Nacionalidad, FechaNacimiento) values ('Frederico Starie', 'Thailand', '2015-02-13');
insert into autores (NombreAutor, Nacionalidad, FechaNacimiento) values ('Mervin Southby', 'Philippines', '2010-11-17');
insert into autores (NombreAutor, Nacionalidad, FechaNacimiento) values ('Byron Kimm', 'China', '2015-01-14');
insert into autores (NombreAutor, Nacionalidad, FechaNacimiento) values ('Sybyl Mogey', 'Thailand', '2019-10-01');
insert into autores (NombreAutor, Nacionalidad, FechaNacimiento) values ('Celesta McCritchie', 'Czech Republic', '2015-01-27');
insert into autores (NombreAutor, Nacionalidad, FechaNacimiento) values ('Ragnar Trainor', 'Ukraine', '2012-04-18');
insert into autores (NombreAutor, Nacionalidad, FechaNacimiento) values ('Dre Tear', 'Bosnia and Herzegovina', '2020-08-22');
insert into autores (NombreAutor, Nacionalidad, FechaNacimiento) values ('Dickie Stearns', 'Libya', '2021-02-24');
insert into autores (NombreAutor, Nacionalidad, FechaNacimiento) values ('Susy Kelsall', 'Israel', '2012-01-19');
insert into autores (NombreAutor, Nacionalidad, FechaNacimiento) values ('Basilius Franckton', 'Venezuela', '2019-12-18');
insert into autores (NombreAutor, Nacionalidad, FechaNacimiento) values ('Myca Miko', 'Chile', '2023-06-08');
insert into autores (NombreAutor, Nacionalidad, FechaNacimiento) values ('Ambros Kezar', 'China', '2014-11-08');
insert into autores (NombreAutor, Nacionalidad, FechaNacimiento) values ('Ryann Wasselin', 'Malaysia', '2013-12-25');
insert into autores (NombreAutor, Nacionalidad, FechaNacimiento) values ('Erda Hebborne', 'Mexico', '2010-10-06');
insert into autores (NombreAutor, Nacionalidad, FechaNacimiento) values ('Ede Szymon', 'Ireland', '2014-05-11');
insert into autores (NombreAutor, Nacionalidad, FechaNacimiento) values ('Adrian Sywell', 'Greece', '2012-12-23');
insert into autores (NombreAutor, Nacionalidad, FechaNacimiento) values ('Leonerd Hunnaball', 'Sweden', '2015-08-26');
insert into autores (NombreAutor, Nacionalidad, FechaNacimiento) values ('Winny Raybould', 'Indonesia', '2021-01-09');
insert into autores (NombreAutor, Nacionalidad, FechaNacimiento) values ('Nanni Kingerby', 'Iran', '2011-02-14');
insert into autores (NombreAutor, Nacionalidad, FechaNacimiento) values ('Emlynn Gildea', 'Poland', '2014-06-04');
insert into autores (NombreAutor, Nacionalidad, FechaNacimiento) values ('Cece Arlow', 'Chad', '2018-03-30');
insert into autores (NombreAutor, Nacionalidad, FechaNacimiento) values ('Meaghan Quidenham', 'Iran', '2014-06-25');
insert into autores (NombreAutor, Nacionalidad, FechaNacimiento) values ('Vittorio Gerard', 'Ukraine', '2017-03-08');
insert into autores (NombreAutor, Nacionalidad, FechaNacimiento) values ('Felic Pilpovic', 'Netherlands', '2012-06-22');
insert into autores (NombreAutor, Nacionalidad, FechaNacimiento) values ('Eada Cultcheth', 'Thailand', '2022-05-27');
insert into autores (NombreAutor, Nacionalidad, FechaNacimiento) values ('Carlyle Sinnock', 'Croatia', '2023-01-23');
insert into autores (NombreAutor, Nacionalidad, FechaNacimiento) values ('Brook Blind', 'Indonesia', '2010-03-02');
insert into autores (NombreAutor, Nacionalidad, FechaNacimiento) values ('Roscoe Plumm', 'Poland', '2011-04-13');
insert into autores (NombreAutor, Nacionalidad, FechaNacimiento) values ('Al Claughton', 'Indonesia', '2020-07-02');
insert into autores (NombreAutor, Nacionalidad, FechaNacimiento) values ('Amelia Kirkebye', 'Sweden', '2010-12-27');
insert into autores (NombreAutor, Nacionalidad, FechaNacimiento) values ('Thacher Bennen', 'China', '2021-11-21');
insert into autores (NombreAutor, Nacionalidad, FechaNacimiento) values ('Stephen Jakoubek', 'Finland', '2022-10-28');
insert into autores (NombreAutor, Nacionalidad, FechaNacimiento) values ('Inesita McIlwraith', 'China', '2015-12-28');
insert into autores (NombreAutor, Nacionalidad, FechaNacimiento) values ('Neila Lovegrove', 'Italy', '2013-10-22');
insert into autores (NombreAutor, Nacionalidad, FechaNacimiento) values ('Jessi Gage', 'Senegal', '2013-02-28');
insert into autores (NombreAutor, Nacionalidad, FechaNacimiento) values ('Bertina Pentony', 'China', '2016-12-17');
insert into autores (NombreAutor, Nacionalidad, FechaNacimiento) values ('Pippo Crittal', 'United States', '2014-08-12');
insert into autores (NombreAutor, Nacionalidad, FechaNacimiento) values ('Graeme Sheekey', 'Indonesia', '2010-07-18');
insert into autores (NombreAutor, Nacionalidad, FechaNacimiento) values ('Ianthe Liston', 'Russia', '2012-03-13');
insert into autores (NombreAutor, Nacionalidad, FechaNacimiento) values ('Charlot Dillamore', 'Indonesia', '2014-09-22');
insert into autores (NombreAutor, Nacionalidad, FechaNacimiento) values ('Olga Edridge', 'Brazil', '2018-06-19');
insert into autores (NombreAutor, Nacionalidad, FechaNacimiento) values ('Charyl Kurten', 'Japan', '2011-10-10');
insert into autores (NombreAutor, Nacionalidad, FechaNacimiento) values ('Dyane Loughton', 'Portugal', '2019-07-15');
insert into autores (NombreAutor, Nacionalidad, FechaNacimiento) values ('Aurelea Wordsworth', 'China', '2019-01-21');
insert into autores (NombreAutor, Nacionalidad, FechaNacimiento) values ('Gisella Bealing', 'Argentina', '2011-03-27');
insert into autores (NombreAutor, Nacionalidad, FechaNacimiento) values ('Ame Kolis', 'Malaysia', '2011-09-21');
insert into autores (NombreAutor, Nacionalidad, FechaNacimiento) values ('Dud Waghorne', 'Colombia', '2016-03-23');
insert into autores (NombreAutor, Nacionalidad, FechaNacimiento) values ('Allison Drought', 'Russia', '2022-10-12');
insert into autores (NombreAutor, Nacionalidad, FechaNacimiento) values ('Bethena Greenroad', 'Ukraine', '2015-04-24');
insert into autores (NombreAutor, Nacionalidad, FechaNacimiento) values ('Gabriellia Chitham', 'Indonesia', '2013-02-20');
insert into autores (NombreAutor, Nacionalidad, FechaNacimiento) values ('Rogerio Goranov', 'Indonesia', '2023-05-19');
insert into autores (NombreAutor, Nacionalidad, FechaNacimiento) values ('Philippine Tuckey', 'Indonesia', '2017-03-17');
insert into autores (NombreAutor, Nacionalidad, FechaNacimiento) values ('Elana Foxley', 'Bulgaria', '2019-10-10');
insert into autores (NombreAutor, Nacionalidad, FechaNacimiento) values ('Gertie Monketon', 'Kazakhstan', '2018-04-05');
insert into autores (NombreAutor, Nacionalidad, FechaNacimiento) values ('Elyn Ashley', 'Philippines', '2018-04-24');
insert into autores (NombreAutor, Nacionalidad, FechaNacimiento) values ('Cleo Chellenham', 'China', '2010-09-22');
insert into autores (NombreAutor, Nacionalidad, FechaNacimiento) values ('Heath Kondrachenko', 'China', '2019-04-27');
insert into autores (NombreAutor, Nacionalidad, FechaNacimiento) values ('Brander Pawlick', 'Ivory Coast', '2014-05-25');
insert into autores (NombreAutor, Nacionalidad, FechaNacimiento) values ('Sophey Bunford', 'China', '2015-05-27');
insert into autores (NombreAutor, Nacionalidad, FechaNacimiento) values ('Jerrine Squirrell', 'Jordan', '2022-02-26');
insert into autores (NombreAutor, Nacionalidad, FechaNacimiento) values ('Minda Hughill', 'Indonesia', '2015-08-03');
insert into autores (NombreAutor, Nacionalidad, FechaNacimiento) values ('Clim Gunner', 'Greece', '2011-05-06');
insert into autores (NombreAutor, Nacionalidad, FechaNacimiento) values ('Marisa Coaten', 'Brazil', '2011-10-23');
insert into autores (NombreAutor, Nacionalidad, FechaNacimiento) values ('Viviene Kullmann', 'South Korea', '2022-01-27');
insert into autores (NombreAutor, Nacionalidad, FechaNacimiento) values ('Estevan Kilvington', 'Peru', '2011-05-06');
insert into autores (NombreAutor, Nacionalidad, FechaNacimiento) values ('Beverly Soltan', 'Serbia', '2023-05-15');
insert into autores (NombreAutor, Nacionalidad, FechaNacimiento) values ('Tremain Fearnsides', 'Sweden', '2023-06-01');
insert into autores (NombreAutor, Nacionalidad, FechaNacimiento) values ('Teodor Druhan', 'United States', '2022-09-10');
insert into autores (NombreAutor, Nacionalidad, FechaNacimiento) values ('Oby Currell', 'France', '2010-05-18');
insert into autores (NombreAutor, Nacionalidad, FechaNacimiento) values ('Elizabeth Hanes', 'Indonesia', '2010-08-17');

------------- Inserción de Datos Editoriales ------------- 
insert into editoriales (NombreEditorial, Direccion, SitioWeb) values ('Doloritas Souley', '61 Westport Pass', '163.com');
insert into editoriales (NombreEditorial, Direccion, SitioWeb) values ('Talia Skellon', '82 Loftsgordon Alley', 'mozilla.com');
insert into editoriales (NombreEditorial, Direccion, SitioWeb) values ('Dreddy felip', '31995 Londonderry Parkway', 'zdnet.com');
insert into editoriales (NombreEditorial, Direccion, SitioWeb) values ('Natassia Pahlsson', '797 Gulseth Street', 'upenn.edu');
insert into editoriales (NombreEditorial, Direccion, SitioWeb) values ('Genny Iori', '439 Continental Street', 'mayoclinic.com');
insert into editoriales (NombreEditorial, Direccion, SitioWeb) values ('Kaitlyn Maffulli', '497 Talmadge Way', 'icq.com');
insert into editoriales (NombreEditorial, Direccion, SitioWeb) values ('Perri Ellam', '460 Arapahoe Trail', 'bing.com');
insert into editoriales (NombreEditorial, Direccion, SitioWeb) values ('Darell Ingraham', '96 Brickson Park Center', 'miibeian.gov.cn');
insert into editoriales (NombreEditorial, Direccion, SitioWeb) values ('Dru Rumbold', '6208 Monterey Court', 'ted.com');
insert into editoriales (NombreEditorial, Direccion, SitioWeb) values ('Atlante Semonin', '6422 Calypso Court', 'netscape.com');
insert into editoriales (NombreEditorial, Direccion, SitioWeb) values ('Liza Spilling', '986 Manufacturers Lane', 'sourceforge.net');
insert into editoriales (NombreEditorial, Direccion, SitioWeb) values ('Marcy Westwick', '10 Manufacturers Park', 'feedburner.com');
insert into editoriales (NombreEditorial, Direccion, SitioWeb) values ('Joshua Josovitz', '90 Corben Terrace', 'artisteer.com');
insert into editoriales (NombreEditorial, Direccion, SitioWeb) values ('Deina Cicero', '6103 New Castle Hill', 'salon.com');
insert into editoriales (NombreEditorial, Direccion, SitioWeb) values ('Sheffy Memmory', '7 Hoard Avenue', 'techcrunch.com');
insert into editoriales (NombreEditorial, Direccion, SitioWeb) values ('Dania Radford', '4 Basil Park', 'pen.io');
insert into editoriales (NombreEditorial, Direccion, SitioWeb) values ('Barbra Fadell', '4 Petterle Place', 'wordpress.com');
insert into editoriales (NombreEditorial, Direccion, SitioWeb) values ('Marcella Ryam', '76894 Mayfield Terrace', 'wordpress.com');
insert into editoriales (NombreEditorial, Direccion, SitioWeb) values ('Myriam Goodley', '3004 Valley Edge Alley', 'nps.gov');
insert into editoriales (NombreEditorial, Direccion, SitioWeb) values ('Bail Chander', '4 Rigney Road', 'google.com.br');
insert into editoriales (NombreEditorial, Direccion, SitioWeb) values ('Davina Mattacks', '408 Vahlen Lane', 'yellowpages.com');
insert into editoriales (NombreEditorial, Direccion, SitioWeb) values ('Rosco Pecey', '3 Northport Point', 'berkeley.edu');
insert into editoriales (NombreEditorial, Direccion, SitioWeb) values ('Obadiah Gowlett', '77146 Texas Terrace', 'amazon.co.jp');
insert into editoriales (NombreEditorial, Direccion, SitioWeb) values ('Jae Ambrogetti', '01168 Birchwood Trail', 'dot.gov');
insert into editoriales (NombreEditorial, Direccion, SitioWeb) values ('Gwendolyn Tatters', '91 Anthes Terrace', 'ning.com');
insert into editoriales (NombreEditorial, Direccion, SitioWeb) values ('Fernanda Camerati', '846 Kropf Street', 'squarespace.com');
insert into editoriales (NombreEditorial, Direccion, SitioWeb) values ('Brody Morratt', '9 South Court', 'bbb.org');
insert into editoriales (NombreEditorial, Direccion, SitioWeb) values ('Astra Wallice', '3 Sundown Junction', 'paginegialle.it');
insert into editoriales (NombreEditorial, Direccion, SitioWeb) values ('Cammi Tortoishell', '2 Banding Road', 'ibm.com');
insert into editoriales (NombreEditorial, Direccion, SitioWeb) values ('Sunny Cargill', '2 Gina Avenue', 'bloomberg.com');
insert into editoriales (NombreEditorial, Direccion, SitioWeb) values ('Osborne Spuner', '6860 Armistice Road', 'xrea.com');
insert into editoriales (NombreEditorial, Direccion, SitioWeb) values ('Charley Garratty', '99336 Claremont Plaza', 'patch.com');
insert into editoriales (NombreEditorial, Direccion, SitioWeb) values ('Dene Chick', '246 Trailsway Plaza', 'google.de');
insert into editoriales (NombreEditorial, Direccion, SitioWeb) values ('Granthem Fawdry', '57573 Sheridan Crossing', 'sohu.com');
insert into editoriales (NombreEditorial, Direccion, SitioWeb) values ('Cyndi Garbutt', '6 Eliot Hill', 'google.co.uk');
insert into editoriales (NombreEditorial, Direccion, SitioWeb) values ('Nicki Compson', '65388 Sloan Lane', 'i2i.jp');
insert into editoriales (NombreEditorial, Direccion, SitioWeb) values ('Judi Richie', '2 Magdeline Parkway', 'nhs.uk');
insert into editoriales (NombreEditorial, Direccion, SitioWeb) values ('Elset Prosser', '367 Mandrake Hill', 'google.com.br');
insert into editoriales (NombreEditorial, Direccion, SitioWeb) values ('Darline Evitts', '9 Golf Course Street', 'java.com');
insert into editoriales (NombreEditorial, Direccion, SitioWeb) values ('Immanuel Ast', '8124 Moulton Parkway', 'noaa.gov');
insert into editoriales (NombreEditorial, Direccion, SitioWeb) values ('Jasmina Tidmarsh', '53275 American Junction', 'scientificamerican.com');
insert into editoriales (NombreEditorial, Direccion, SitioWeb) values ('Orel Southworth', '47 Pleasure Junction', 'salon.com');
insert into editoriales (NombreEditorial, Direccion, SitioWeb) values ('Adara Aloshechkin', '76 Kings Crossing', 'bloglines.com');
insert into editoriales (NombreEditorial, Direccion, SitioWeb) values ('Shamus Craighall', '6870 Superior Circle', 'addtoany.com');
insert into editoriales (NombreEditorial, Direccion, SitioWeb) values ('Everett Essberger', '9 Pine View Park', 'ifeng.com');
insert into editoriales (NombreEditorial, Direccion, SitioWeb) values ('Gussy Dymocke', '3 Cherokee Court', 'spiegel.de');
insert into editoriales (NombreEditorial, Direccion, SitioWeb) values ('Estell Winsley', '4 Prairie Rose Avenue', 'lulu.com');
insert into editoriales (NombreEditorial, Direccion, SitioWeb) values ('Hunter Vannuccinii', '04 Iowa Alley', 'bloomberg.com');
insert into editoriales (NombreEditorial, Direccion, SitioWeb) values ('Willyt Darbey', '1 Montana Crossing', 'bloglines.com');
insert into editoriales (NombreEditorial, Direccion, SitioWeb) values ('Towny Cunnell', '3511 Kim Junction', 'chronoengine.com');
insert into editoriales (NombreEditorial, Direccion, SitioWeb) values ('Lance L''Hommee', '969 Iowa Street', 'photobucket.com');
insert into editoriales (NombreEditorial, Direccion, SitioWeb) values ('Todd Mackie', '5 Arizona Terrace', 'msn.com');
insert into editoriales (NombreEditorial, Direccion, SitioWeb) values ('Chrystal Fernier', '31 American Ash Hill', 'rediff.com');
insert into editoriales (NombreEditorial, Direccion, SitioWeb) values ('Aguie Behninck', '9 Hoard Street', 'google.com.hk');
insert into editoriales (NombreEditorial, Direccion, SitioWeb) values ('Hesther Heasly', '9 Hoepker Pass', 'gizmodo.com');
insert into editoriales (NombreEditorial, Direccion, SitioWeb) values ('Eustace Cattrell', '83819 Randy Place', 'noaa.gov');
insert into editoriales (NombreEditorial, Direccion, SitioWeb) values ('Dollie Happer', '9 Alpine Pass', 'cloudflare.com');
insert into editoriales (NombreEditorial, Direccion, SitioWeb) values ('Hewett Alforde', '22591 Quincy Way', 'icq.com');
insert into editoriales (NombreEditorial, Direccion, SitioWeb) values ('Lauren Lettson', '8 Coleman Center', 'google.ca');
insert into editoriales (NombreEditorial, Direccion, SitioWeb) values ('Parke Fausset', '03 Union Hill', 'digg.com');
insert into editoriales (NombreEditorial, Direccion, SitioWeb) values ('Ruggiero Hanselman', '83318 Holmberg Park', 'flickr.com');
insert into editoriales (NombreEditorial, Direccion, SitioWeb) values ('Sena Dyble', '19 Eagle Crest Way', 'msn.com');
insert into editoriales (NombreEditorial, Direccion, SitioWeb) values ('Reba Arnopp', '191 Maple Way', 'squidoo.com');
insert into editoriales (NombreEditorial, Direccion, SitioWeb) values ('Holmes Broadwell', '9 Hazelcrest Place', 'gravatar.com');
insert into editoriales (NombreEditorial, Direccion, SitioWeb) values ('Mark Furniss', '5780 Stang Center', 'csmonitor.com');
insert into editoriales (NombreEditorial, Direccion, SitioWeb) values ('Florie Tinan', '7 Ilene Road', 'imgur.com');
insert into editoriales (NombreEditorial, Direccion, SitioWeb) values ('Guthrey Kirvell', '0407 Aberg Junction', '360.cn');
insert into editoriales (NombreEditorial, Direccion, SitioWeb) values ('Winfred Botly', '2 Kim Avenue', 'tripadvisor.com');
insert into editoriales (NombreEditorial, Direccion, SitioWeb) values ('Giulietta Forlong', '8638 3rd Center', 'bloomberg.com');
insert into editoriales (NombreEditorial, Direccion, SitioWeb) values ('Broddie McMurraya', '27592 Del Sol Way', 'eventbrite.com');
insert into editoriales (NombreEditorial, Direccion, SitioWeb) values ('Livy Pulman', '46 Barnett Alley', 'google.it');
insert into editoriales (NombreEditorial, Direccion, SitioWeb) values ('Sorcha Mudle', '8641 Bunting Pass', 'livejournal.com');
insert into editoriales (NombreEditorial, Direccion, SitioWeb) values ('Bondie Cowan', '7 Karstens Lane', 'irs.gov');
insert into editoriales (NombreEditorial, Direccion, SitioWeb) values ('Fleur Andras', '54031 Buhler Circle', '1688.com');
insert into editoriales (NombreEditorial, Direccion, SitioWeb) values ('Fanny Cremer', '67 Schiller Drive', 'google.ru');
insert into editoriales (NombreEditorial, Direccion, SitioWeb) values ('Josselyn Connachan', '766 Nevada Way', 'time.com');
insert into editoriales (NombreEditorial, Direccion, SitioWeb) values ('Mead Divill', '28 Union Terrace', 'auda.org.au');
insert into editoriales (NombreEditorial, Direccion, SitioWeb) values ('Kimbra Hellsdon', '4 Esker Alley', 'scribd.com');
insert into editoriales (NombreEditorial, Direccion, SitioWeb) values ('Danyelle Crop', '38476 Briar Crest Crossing', 'ucsd.edu');
insert into editoriales (NombreEditorial, Direccion, SitioWeb) values ('Aurie Sifflett', '0229 Dexter Way', 'tripadvisor.com');
insert into editoriales (NombreEditorial, Direccion, SitioWeb) values ('Gabey Careswell', '49222 Loomis Junction', 'wikia.com');
insert into editoriales (NombreEditorial, Direccion, SitioWeb) values ('Starr Amos', '89 Loomis Pass', 'slashdot.org');
insert into editoriales (NombreEditorial, Direccion, SitioWeb) values ('Lydia Persse', '0380 Monica Park', 'linkedin.com');
insert into editoriales (NombreEditorial, Direccion, SitioWeb) values ('Linnie Duckitt', '5349 2nd Circle', 'arizona.edu');
insert into editoriales (NombreEditorial, Direccion, SitioWeb) values ('Anatole Backwell', '8 Kensington Terrace', 'ocn.ne.jp');
insert into editoriales (NombreEditorial, Direccion, SitioWeb) values ('Niel Itshak', '14839 Manley Parkway', 'loc.gov');
insert into editoriales (NombreEditorial, Direccion, SitioWeb) values ('Deni Withur', '22 Shasta Lane', 'salon.com');
insert into editoriales (NombreEditorial, Direccion, SitioWeb) values ('Lee Grimmert', '30 Starling Park', 'nyu.edu');
insert into editoriales (NombreEditorial, Direccion, SitioWeb) values ('Carie Gasticke', '2021 Straubel Lane', 'ebay.com');
insert into editoriales (NombreEditorial, Direccion, SitioWeb) values ('Glory Filer', '84 Debs Trail', 'eventbrite.com');
insert into editoriales (NombreEditorial, Direccion, SitioWeb) values ('Dredi Confait', '23135 Dapin Road', 'g.co');
insert into editoriales (NombreEditorial, Direccion, SitioWeb) values ('Willy O''Lunney', '031 Monica Hill', 'un.org');
insert into editoriales (NombreEditorial, Direccion, SitioWeb) values ('Claire Liles', '06735 David Junction', 'princeton.edu');
insert into editoriales (NombreEditorial, Direccion, SitioWeb) values ('Mitchael Fuge', '454 Clove Plaza', 'quantcast.com');
insert into editoriales (NombreEditorial, Direccion, SitioWeb) values ('Kara-lynn Duffie', '75 Heffernan Trail', 'last.fm');
insert into editoriales (NombreEditorial, Direccion, SitioWeb) values ('Devin Turfs', '7 Brown Point', 'mtv.com');
insert into editoriales (NombreEditorial, Direccion, SitioWeb) values ('Galven Lanchbery', '8570 Ruskin Terrace', 'tamu.edu');
insert into editoriales (NombreEditorial, Direccion, SitioWeb) values ('Valentina Weatherhill', '537 Montana Trail', 'hp.com');
insert into editoriales (NombreEditorial, Direccion, SitioWeb) values ('Doloritas Ferrarone', '3851 Center Park', 'yelp.com');
insert into editoriales (NombreEditorial, Direccion, SitioWeb) values ('Ximenez Shakshaft', '3986 Blue Bill Park Lane', 'admin.ch');

------------- Inserción de Datos Libros ------------- 
insert into libros (IdLibros, Titulo, ISBN, AnioPublicacion, Categoria, CopiasDisponibles, IdEditorial, IdAutor) values (1,'Saawariya', '090005695-9', 1957, 'Finance', 43, 71, 100);
insert into libros (IdLibros, Titulo, ISBN, AnioPublicacion, Categoria, CopiasDisponibles, IdEditorial, IdAutor) values (2,'Longford', '007603177-2', 1992, 'Technology', 79, 59, 33);
insert into libros (IdLibros, Titulo, ISBN, AnioPublicacion, Categoria, CopiasDisponibles, IdEditorial, IdAutor) values (3,'Arthur Christmas', '991737622-4', 1975, 'Health Care', 40, 89, 92);
insert into libros (IdLibros, Titulo, ISBN, AnioPublicacion, Categoria, CopiasDisponibles, IdEditorial, IdAutor) values (4,'Always Outnumbered', '936374928-2', 1996, 'Transportation', 182, 95, 83);
insert into libros (IdLibros, Titulo, ISBN, AnioPublicacion, Categoria, CopiasDisponibles, IdEditorial, IdAutor) values (5,'Pink Ribbons, Inc.', '361778229-9', 1938, 'Consumer Services', 124, 85, 66);
insert into libros (IdLibros, Titulo, ISBN, AnioPublicacion, Categoria, CopiasDisponibles, IdEditorial, IdAutor) values (6,'Running Free', '687944599-3', 2001, 'n/a', 38, 5, 23);
insert into libros (IdLibros, Titulo, ISBN, AnioPublicacion, Categoria, CopiasDisponibles, IdEditorial, IdAutor) values (7,'Imaginary Crimes', '944934586-4', 2013, 'n/a', 200, 27, 42);
insert into libros (IdLibros, Titulo, ISBN, AnioPublicacion, Categoria, CopiasDisponibles, IdEditorial, IdAutor) values (8,'News from a Personal War (Notícias de uma Guerra Particular)', '419438802-X', 1952, 'Consumer Services', 167, 14, 59);
insert into libros (IdLibros, Titulo, ISBN, AnioPublicacion, Categoria, CopiasDisponibles, IdEditorial, IdAutor) values (9,'Our Nixon', '369076933-7', 1980, 'Health Care', 45, 21, 9);
insert into libros (IdLibros, Titulo, ISBN, AnioPublicacion, Categoria, CopiasDisponibles, IdEditorial, IdAutor) values (10,'Magnificent Bodyguards (Fei du juan yun shan)', '478248920-X', 1976, 'n/a', 31, 49, 7);
insert into libros (IdLibros, Titulo, ISBN, AnioPublicacion, Categoria, CopiasDisponibles, IdEditorial, IdAutor) values (11,'Saved!', '254265742-4', 1914, 'n/a', 154, 63, 81);
insert into libros (IdLibros, Titulo, ISBN, AnioPublicacion, Categoria, CopiasDisponibles, IdEditorial, IdAutor) values (12,'Zorro, the Gay Blade', '061587025-2', 1913, 'Technology', 153, 59, 34);
insert into libros (IdLibros, Titulo, ISBN, AnioPublicacion, Categoria, CopiasDisponibles, IdEditorial, IdAutor) values (13,'Conan the Barbarian', '634808896-0', 1976, 'Consumer Non-Durables', 127, 100, 66);
insert into libros (IdLibros, Titulo, ISBN, AnioPublicacion, Categoria, CopiasDisponibles, IdEditorial, IdAutor) values (14,'House of Small Cubes, The (Tsumiki no ie)', '905779347-4', 1956, 'Consumer Non-Durables', 59, 99, 2);
insert into libros (IdLibros, Titulo, ISBN, AnioPublicacion, Categoria, CopiasDisponibles, IdEditorial, IdAutor) values (15,'Little Big Soldier (Da bing xiao jiang)', '632860075-5', 2004, 'Basic Industries', 96, 28, 61);
insert into libros (IdLibros, Titulo, ISBN, AnioPublicacion, Categoria, CopiasDisponibles, IdEditorial, IdAutor) values (16,'Muriel''s Wedding', '487083820-6', 2000, 'Miscellaneous', 65, 7, 76);
insert into libros (IdLibros, Titulo, ISBN, AnioPublicacion, Categoria, CopiasDisponibles, IdEditorial, IdAutor) values (17,'50 First Dates', '595535803-X', 1929, 'Energy', 161, 27, 100);
insert into libros (IdLibros, Titulo, ISBN, AnioPublicacion, Categoria, CopiasDisponibles, IdEditorial, IdAutor) values (18,'Parent Trap, The', '928353020-9', 1975, 'Health Care', 116, 54, 13);
insert into libros (IdLibros, Titulo, ISBN, AnioPublicacion, Categoria, CopiasDisponibles, IdEditorial, IdAutor) values (19,'13 Beloved (13 game sayawng)', '557601239-9', 1911, 'n/a', 73, 8, 91);
insert into libros (IdLibros, Titulo, ISBN, AnioPublicacion, Categoria, CopiasDisponibles, IdEditorial, IdAutor) values (20,'Immature, The (Immaturi)', '021013400-3', 1973, 'Transportation', 154, 20, 65);
insert into libros (IdLibros, Titulo, ISBN, AnioPublicacion, Categoria, CopiasDisponibles, IdEditorial, IdAutor) values (21,'Haunted', '766458601-1', 1948, 'Technology', 124, 73, 16);
insert into libros (IdLibros, Titulo, ISBN, AnioPublicacion, Categoria, CopiasDisponibles, IdEditorial, IdAutor) values (22,'Double Happiness', '479542857-3', 1996, 'n/a', 126, 89, 61);
insert into libros (IdLibros, Titulo, ISBN, AnioPublicacion, Categoria, CopiasDisponibles, IdEditorial, IdAutor) values (23,'Blue Lagoon, The', '213318757-X', 2005, 'n/a', 180, 16, 13);
insert into libros (IdLibros, Titulo, ISBN, AnioPublicacion, Categoria, CopiasDisponibles, IdEditorial, IdAutor) values (24,'Open House ', '095295532-6', 1965, 'Capital Goods', 172, 69, 14);
insert into libros (IdLibros, Titulo, ISBN, AnioPublicacion, Categoria, CopiasDisponibles, IdEditorial, IdAutor) values (25,'Asylum Blackout', '431738238-5', 1960, 'Miscellaneous', 71, 31, 54);
insert into libros (IdLibros, Titulo, ISBN, AnioPublicacion, Categoria, CopiasDisponibles, IdEditorial, IdAutor) values (26,'Samurai II: Duel at Ichijoji Temple (Zoku Miyamoto Musashi: Ichijôji no kettô)', '340700580-6', 1922, 'n/a', 95, 30, 11);
insert into libros (IdLibros, Titulo, ISBN, AnioPublicacion, Categoria, CopiasDisponibles, IdEditorial, IdAutor) values (27,'Curly Top', '056217143-6', 1934, 'Energy', 162, 82, 58);
insert into libros (IdLibros, Titulo, ISBN, AnioPublicacion, Categoria, CopiasDisponibles, IdEditorial, IdAutor) values (28,'Paperman', '684589466-3', 1968, 'Capital Goods', 76, 4, 63);
insert into libros (IdLibros, Titulo, ISBN, AnioPublicacion, Categoria, CopiasDisponibles, IdEditorial, IdAutor) values (29,'Tokyo Gore Police (Tôkyô zankoku keisatsu)', '374893197-2', 1922, 'Capital Goods', 193, 16, 52);
insert into libros (IdLibros, Titulo, ISBN, AnioPublicacion, Categoria, CopiasDisponibles, IdEditorial, IdAutor) values (30,'How to Marry a Millionaire', '025689816-2', 1958, 'Capital Goods', 112, 40, 36);
insert into libros (IdLibros, Titulo, ISBN, AnioPublicacion, Categoria, CopiasDisponibles, IdEditorial, IdAutor) values (31,'Irony of Fate, or Enjoy Your Bath! (Ironiya sudby, ili S legkim parom!)', '935689627-5', 1995, 'Health Care', 38, 89, 82);
insert into libros (IdLibros, Titulo, ISBN, AnioPublicacion, Categoria, CopiasDisponibles, IdEditorial, IdAutor) values (32,'Don''t Look Now', '015162332-5', 1952, 'Technology', 38, 75, 76);
insert into libros (IdLibros, Titulo, ISBN, AnioPublicacion, Categoria, CopiasDisponibles, IdEditorial, IdAutor) values (33,'Dark Eyes (Oci ciornie)', '422739519-4', 1976, 'n/a', 33, 71, 88);
insert into libros (IdLibros, Titulo, ISBN, AnioPublicacion, Categoria, CopiasDisponibles, IdEditorial, IdAutor) values (34,'Nueba Yol', '611663289-0', 1965, 'Consumer Services', 92, 96, 86);
insert into libros (IdLibros, Titulo, ISBN, AnioPublicacion, Categoria, CopiasDisponibles, IdEditorial, IdAutor) values (35,'Cialo', '854407414-6', 1964, 'Capital Goods', 199, 42, 27);
insert into libros (IdLibros, Titulo, ISBN, AnioPublicacion, Categoria, CopiasDisponibles, IdEditorial, IdAutor) values (36,'California Dreamin'' (Nesfarsit)', '922701530-2', 1935, 'Consumer Services', 53, 91, 97);
insert into libros (IdLibros, Titulo, ISBN, AnioPublicacion, Categoria, CopiasDisponibles, IdEditorial, IdAutor) values (37,'Last Truck: Closing of a GM Plant, The', '660225633-5', 1962, 'Technology', 33, 47, 28);
insert into libros (IdLibros, Titulo, ISBN, AnioPublicacion, Categoria, CopiasDisponibles, IdEditorial, IdAutor) values (38,'Racing Dreams', '584655350-8', 1931, 'Finance', 138, 29, 61);
insert into libros (IdLibros, Titulo, ISBN, AnioPublicacion, Categoria, CopiasDisponibles, IdEditorial, IdAutor) values (39,'Along Came Polly', '853397042-0', 1910, 'Basic Industries', 189, 14, 77);
insert into libros (IdLibros, Titulo, ISBN, AnioPublicacion, Categoria, CopiasDisponibles, IdEditorial, IdAutor) values (40,'Long Hello and Short Goodbye', '397905388-1', 1945, 'Health Care', 3, 54, 79);
insert into libros (IdLibros, Titulo, ISBN, AnioPublicacion, Categoria, CopiasDisponibles, IdEditorial, IdAutor) values (41,'Heima', '625503562-X', 1996, 'Health Care', 28, 85, 14);
insert into libros (IdLibros, Titulo, ISBN, AnioPublicacion, Categoria, CopiasDisponibles, IdEditorial, IdAutor) values (42,'Devil Commands, The', '521552000-3', 1977, 'n/a', 183, 71, 67);
insert into libros (IdLibros, Titulo, ISBN, AnioPublicacion, Categoria, CopiasDisponibles, IdEditorial, IdAutor) values (43,'Anatomy of a Love Seen', '667979288-6', 1981, 'Consumer Services', 176, 28, 31);
insert into libros (IdLibros, Titulo, ISBN, AnioPublicacion, Categoria, CopiasDisponibles, IdEditorial, IdAutor) values (44,'Twilight Saga: Breaking Dawn - Part 1, The', '364060979-4', 1945, 'Health Care', 95, 45, 84);
insert into libros (IdLibros, Titulo, ISBN, AnioPublicacion, Categoria, CopiasDisponibles, IdEditorial, IdAutor) values (45,'Brother', '002295371-X', 2012, 'Finance', 121, 90, 22);
insert into libros (IdLibros, Titulo, ISBN, AnioPublicacion, Categoria, CopiasDisponibles, IdEditorial, IdAutor) values (46,'Suspect, The (Yong-eui-ja)', '303993332-9', 1956, 'Public Utilities', 33, 53, 20);
insert into libros (IdLibros, Titulo, ISBN, AnioPublicacion, Categoria, CopiasDisponibles, IdEditorial, IdAutor) values (47,'True Love', '194176182-8', 1970, 'Consumer Non-Durables', 71, 57, 46);
insert into libros (IdLibros, Titulo, ISBN, AnioPublicacion, Categoria, CopiasDisponibles, IdEditorial, IdAutor) values (48,'Moment of Truth, The (Il momento della verità)', '674093058-9', 1944, 'Consumer Services', 51, 88, 28);
insert into libros (IdLibros, Titulo, ISBN, AnioPublicacion, Categoria, CopiasDisponibles, IdEditorial, IdAutor) values (49,'Woman Always Pays, The (Afgrunden) (Abyss, The)', '674699997-1', 1930, 'Finance', 30, 22, 1);
insert into libros (IdLibros, Titulo, ISBN, AnioPublicacion, Categoria, CopiasDisponibles, IdEditorial, IdAutor) values (50,'Life of Aleksis Kivi, The (Aleksis Kiven elämä)', '637156891-4', 1956, 'Finance', 6, 58, 26);
insert into libros (IdLibros, Titulo, ISBN, AnioPublicacion, Categoria, CopiasDisponibles, IdEditorial, IdAutor) values (51,'Very Annie Mary', '247835397-0', 1971, 'Basic Industries', 77, 96, 96);
insert into libros (IdLibros, Titulo, ISBN, AnioPublicacion, Categoria, CopiasDisponibles, IdEditorial, IdAutor) values (52,'Percy Jackson: Sea of Monsters', '565034937-1', 1943, 'Health Care', 42, 51, 70);
insert into libros (IdLibros, Titulo, ISBN, AnioPublicacion, Categoria, CopiasDisponibles, IdEditorial, IdAutor) values (53,'Abduction', '477149377-4', 2006, 'Finance', 132, 37, 87);
insert into libros (IdLibros, Titulo, ISBN, AnioPublicacion, Categoria, CopiasDisponibles, IdEditorial, IdAutor) values (54,'Switchback', '934844126-4', 1979, 'Finance', 117, 80, 20);
insert into libros (IdLibros, Titulo, ISBN, AnioPublicacion, Categoria, CopiasDisponibles, IdEditorial, IdAutor) values (55,'Girl in the Red Velvet Swing, The', '275010333-9', 1946, 'Health Care', 167, 13, 73);
insert into libros (IdLibros, Titulo, ISBN, AnioPublicacion, Categoria, CopiasDisponibles, IdEditorial, IdAutor) values (56,'Visitor Q (Bizita Q)', '968998200-1', 1966, 'Health Care', 38, 91, 99);
insert into libros (IdLibros, Titulo, ISBN, AnioPublicacion, Categoria, CopiasDisponibles, IdEditorial, IdAutor) values (57,'Songs From the Second Floor (Sånger från andra våningen)', '868338716-X', 1938, 'Basic Industries', 138, 69, 45);
insert into libros (IdLibros, Titulo, ISBN, AnioPublicacion, Categoria, CopiasDisponibles, IdEditorial, IdAutor) values (58,'Amour fou, L''', '896494087-3', 2003, 'Finance', 162, 61, 49);
insert into libros (IdLibros, Titulo, ISBN, AnioPublicacion, Categoria, CopiasDisponibles, IdEditorial, IdAutor) values (59,'Savage Innocents, The', '058560419-3', 1925, 'Technology', 58, 23, 4);
insert into libros (IdLibros, Titulo, ISBN, AnioPublicacion, Categoria, CopiasDisponibles, IdEditorial, IdAutor) values (60,'Born to Defense (Zhong hua ying xiong)', '660819310-6', 1951, 'Health Care', 49, 51, 82);
insert into libros (IdLibros, Titulo, ISBN, AnioPublicacion, Categoria, CopiasDisponibles, IdEditorial, IdAutor) values (61,'Talk of Angels', '334330379-8', 1921, 'Finance', 17, 9, 24);
insert into libros (IdLibros, Titulo, ISBN, AnioPublicacion, Categoria, CopiasDisponibles, IdEditorial, IdAutor) values (62,'Blind Fury', '393492774-2', 1958, 'Public Utilities', 157, 96, 7);
insert into libros (IdLibros, Titulo, ISBN, AnioPublicacion, Categoria, CopiasDisponibles, IdEditorial, IdAutor) values (63,'Legend, The (Legend of Fong Sai-Yuk, The) (Fong Sai Yuk)', '710189800-9', 2005, 'Public Utilities', 136, 65, 50);
insert into libros (IdLibros, Titulo, ISBN, AnioPublicacion, Categoria, CopiasDisponibles, IdEditorial, IdAutor) values (64,'Cavemen', '927598022-5', 1940, 'n/a', 162, 62, 18);
insert into libros (IdLibros, Titulo, ISBN, AnioPublicacion, Categoria, CopiasDisponibles, IdEditorial, IdAutor) values (65,'Bonaerense, El', '181986955-5', 1911, 'Consumer Services', 135, 40, 67);
insert into libros (IdLibros, Titulo, ISBN, AnioPublicacion, Categoria, CopiasDisponibles, IdEditorial, IdAutor) values (66,'Being John Malkovich', '783882761-2', 1997, 'Health Care', 66, 81, 93);
insert into libros (IdLibros, Titulo, ISBN, AnioPublicacion, Categoria, CopiasDisponibles, IdEditorial, IdAutor) values (67,'Flowing (Nagareru)', '057127237-1', 1938, 'Health Care', 31, 61, 21);
insert into libros (IdLibros, Titulo, ISBN, AnioPublicacion, Categoria, CopiasDisponibles, IdEditorial, IdAutor) values (68,'Little Black Book', '842822127-8', 1927, 'Consumer Non-Durables', 124, 57, 29);
insert into libros (IdLibros, Titulo, ISBN, AnioPublicacion, Categoria, CopiasDisponibles, IdEditorial, IdAutor) values (69,'Alien', '405114578-6', 1919, 'Transportation', 66, 85, 76);
insert into libros (IdLibros, Titulo, ISBN, AnioPublicacion, Categoria, CopiasDisponibles, IdEditorial, IdAutor) values (70,'Beach, The', '630377139-4', 1912, 'Health Care', 42, 87, 19);
insert into libros (IdLibros, Titulo, ISBN, AnioPublicacion, Categoria, CopiasDisponibles, IdEditorial, IdAutor) values (71,'Retrogade', '791204936-3', 1982, 'n/a', 106, 95, 74);
insert into libros (IdLibros, Titulo, ISBN, AnioPublicacion, Categoria, CopiasDisponibles, IdEditorial, IdAutor) values (72,'Mother''s Day', '226049905-8', 1951, 'Basic Industries', 185, 100, 58);
insert into libros (IdLibros, Titulo, ISBN, AnioPublicacion, Categoria, CopiasDisponibles, IdEditorial, IdAutor) values (73,'First Man Into Space', '713496572-4', 2007, 'Technology', 161, 59, 63);
insert into libros (IdLibros, Titulo, ISBN, AnioPublicacion, Categoria, CopiasDisponibles, IdEditorial, IdAutor) values (74,'Up the Sandbox', '505888594-8', 1977, 'Health Care', 32, 16, 17);
insert into libros (IdLibros, Titulo, ISBN, AnioPublicacion, Categoria, CopiasDisponibles, IdEditorial, IdAutor) values (75,'Elle: A Modern Cinderella Tale', '762821647-1', 2005, 'n/a', 135, 37, 23);
insert into libros (IdLibros, Titulo, ISBN, AnioPublicacion, Categoria, CopiasDisponibles, IdEditorial, IdAutor) values (76,'Rise and Fall of Legs Diamond, The', '120842973-6', 1977, 'Finance', 158, 56, 32);
insert into libros (IdLibros, Titulo, ISBN, AnioPublicacion, Categoria, CopiasDisponibles, IdEditorial, IdAutor) values (77,'Black Book (Zwartboek)', '253386508-7', 1911, 'Consumer Services', 163, 52, 27);
insert into libros (IdLibros, Titulo, ISBN, AnioPublicacion, Categoria, CopiasDisponibles, IdEditorial, IdAutor) values (78,'Encore', '329695050-8', 1967, 'Public Utilities', 60, 60, 50);
insert into libros (IdLibros, Titulo, ISBN, AnioPublicacion, Categoria, CopiasDisponibles, IdEditorial, IdAutor) values (79,'Rope', '138982411-X', 1945, 'Miscellaneous', 178, 25, 40);
insert into libros (IdLibros, Titulo, ISBN, AnioPublicacion, Categoria, CopiasDisponibles, IdEditorial, IdAutor) values (80,'Oz the Great and Powerful', '579305244-5', 1957, 'Public Utilities', 143, 36, 4);
insert into libros (IdLibros, Titulo, ISBN, AnioPublicacion, Categoria, CopiasDisponibles, IdEditorial, IdAutor) values (81,'All the Young Men', '228947885-7', 1950, 'n/a', 133, 64, 24);
insert into libros (IdLibros, Titulo, ISBN, AnioPublicacion, Categoria, CopiasDisponibles, IdEditorial, IdAutor) values (82,'Le grand soir', '897194077-8', 1920, 'n/a', 67, 97, 14);
insert into libros (IdLibros, Titulo, ISBN, AnioPublicacion, Categoria, CopiasDisponibles, IdEditorial, IdAutor) values (83,'Prince of Foxes', '178210864-5', 1963, 'Technology', 8, 66, 54);
insert into libros (IdLibros, Titulo, ISBN, AnioPublicacion, Categoria, CopiasDisponibles, IdEditorial, IdAutor) values (84,'Sand Sharks', '038232624-5', 1922, 'n/a', 152, 2, 42);
insert into libros (IdLibros, Titulo, ISBN, AnioPublicacion, Categoria, CopiasDisponibles, IdEditorial, IdAutor) values (85,'Fast Runner, The (Atanarjuat)', '798357534-3', 1921, 'Finance', 138, 12, 30);
insert into libros (IdLibros, Titulo, ISBN, AnioPublicacion, Categoria, CopiasDisponibles, IdEditorial, IdAutor) values (86,'Enigma', '271095834-1', 1985, 'Technology', 119, 40, 51);
insert into libros (IdLibros, Titulo, ISBN, AnioPublicacion, Categoria, CopiasDisponibles, IdEditorial, IdAutor) values (87,'Dance with Me', '822117872-1', 1975, 'Finance', 86, 57, 39);
insert into libros (IdLibros, Titulo, ISBN, AnioPublicacion, Categoria, CopiasDisponibles, IdEditorial, IdAutor) values (88,'Yu-Gi-Oh!: Bonds Beyond Time (Gekijouban Yuugiou: Chouyuugou! Jikuu o koeta kizuna)', '185271062-4', 1963, 'n/a', 109, 76, 35);
insert into libros (IdLibros, Titulo, ISBN, AnioPublicacion, Categoria, CopiasDisponibles, IdEditorial, IdAutor) values (89,'Heaven Can Wait', '675796146-6', 1964, 'Finance', 164, 5, 78);
insert into libros (IdLibros, Titulo, ISBN, AnioPublicacion, Categoria, CopiasDisponibles, IdEditorial, IdAutor) values (90,'Ewok Adventure, The (a.k.a. Caravan of Courage: An Ewok Adventure)', '368053081-1', 1912, 'Health Care', 151, 80, 17);
insert into libros (IdLibros, Titulo, ISBN, AnioPublicacion, Categoria, CopiasDisponibles, IdEditorial, IdAutor) values (91,'Randy and the Mob', '626956155-8', 1989, 'Finance', 102, 35, 34);
insert into libros (IdLibros, Titulo, ISBN, AnioPublicacion, Categoria, CopiasDisponibles, IdEditorial, IdAutor) values (92,'Boys (Drenge)', '559367519-8', 1934, 'Health Care', 6, 4, 60);
insert into libros (IdLibros, Titulo, ISBN, AnioPublicacion, Categoria, CopiasDisponibles, IdEditorial, IdAutor) values (93,'Gruffalo, The', '315771564-X', 1992, 'Energy', 179, 92, 70);
insert into libros (IdLibros, Titulo, ISBN, AnioPublicacion, Categoria, CopiasDisponibles, IdEditorial, IdAutor) values (94,'Absurdistan', '288183218-0', 1952, 'Consumer Services', 64, 46, 13);
insert into libros (IdLibros, Titulo, ISBN, AnioPublicacion, Categoria, CopiasDisponibles, IdEditorial, IdAutor) values (95,'It Happened on Fifth Avenue', '893214027-8', 1970, 'Technology', 171, 3, 98);
insert into libros (IdLibros, Titulo, ISBN, AnioPublicacion, Categoria, CopiasDisponibles, IdEditorial, IdAutor) values (96,'Asterix and the Gauls (Astérix le Gaulois)', '346401073-2', 1962, 'n/a', 156, 76, 6);
insert into libros (IdLibros, Titulo, ISBN, AnioPublicacion, Categoria, CopiasDisponibles, IdEditorial, IdAutor) values (97,'Madam Satan', '445350692-9', 1930, 'Technology', 132, 85, 7);
insert into libros (IdLibros, Titulo, ISBN, AnioPublicacion, Categoria, CopiasDisponibles, IdEditorial, IdAutor) values (98,'Ring, The', '771086550-X', 1920, 'n/a', 173, 94, 81);
insert into libros (IdLibros, Titulo, ISBN, AnioPublicacion, Categoria, CopiasDisponibles, IdEditorial, IdAutor) values (99,'Panic', '785386968-1', 1946, 'Consumer Services', 131, 77, 71);
insert into libros (IdLibros, Titulo, ISBN, AnioPublicacion, Categoria, CopiasDisponibles, IdEditorial, IdAutor) values (100,'Cry Baby Lane', '661212536-5', 1952, 'Health Care', 128, 35, 83);

------------- Inserción de Datos Miembros ------------- 
insert into miembros (NombreMiembro, Direccion, Email, FechaInscripcion) values ('Loren Caveney', '52 Mifflin Avenue', 'lcaveney0@fastcompany.com', '2014-09-28');
insert into miembros (NombreMiembro, Direccion, Email, FechaInscripcion) values ('Elspeth Tolossi', '2283 Pepper Wood Parkway', 'etolossi1@howstuffworks.com', '2019-03-16');
insert into miembros (NombreMiembro, Direccion, Email, FechaInscripcion) values ('Gwynne O''Brogan', '7 Bellgrove Park', 'gobrogan2@cbslocal.com', '2013-08-24');
insert into miembros (NombreMiembro, Direccion, Email, FechaInscripcion) values ('Caitrin Lushey', '33 Gulseth Parkway', 'clushey3@squarespace.com', '1998-02-24');
insert into miembros (NombreMiembro, Direccion, Email, FechaInscripcion) values ('Ingra Yanyshev', '290 Lunder Hill', 'iyanyshev4@comcast.net', '2004-03-08');
insert into miembros (NombreMiembro, Direccion, Email, FechaInscripcion) values ('Norrie Beade', '49371 Golf Junction', 'nbeade5@csmonitor.com', '2003-09-30');
insert into miembros (NombreMiembro, Direccion, Email, FechaInscripcion) values ('Roanne Simonutti', '38 Sauthoff Street', 'rsimonutti6@moonfruit.com', '1995-09-06');
insert into miembros (NombreMiembro, Direccion, Email, FechaInscripcion) values ('Cinnamon Domaschke', '37218 Mendota Way', 'cdomaschke7@last.fm', '2023-06-11');
insert into miembros (NombreMiembro, Direccion, Email, FechaInscripcion) values ('Cam Currell', '1 Stuart Terrace', 'ccurrell8@etsy.com', '2009-06-17');
insert into miembros (NombreMiembro, Direccion, Email, FechaInscripcion) values ('Damiano Imbrey', '4 Grover Parkway', 'dimbrey9@tripod.com', '2003-10-07');
insert into miembros (NombreMiembro, Direccion, Email, FechaInscripcion) values ('Lindon Calbreath', '460 Derek Court', 'lcalbreatha@twitpic.com', '2010-08-07');
insert into miembros (NombreMiembro, Direccion, Email, FechaInscripcion) values ('Nolie Wildman', '7842 Clarendon Crossing', 'nwildmanb@bing.com', '2002-05-07');
insert into miembros (NombreMiembro, Direccion, Email, FechaInscripcion) values ('Lauryn Jakubski', '6 Michigan Park', 'ljakubskic@fotki.com', '2017-02-27');
insert into miembros (NombreMiembro, Direccion, Email, FechaInscripcion) values ('Crystie Carik', '450 Independence Avenue', 'ccarikd@diigo.com', '2005-10-27');
insert into miembros (NombreMiembro, Direccion, Email, FechaInscripcion) values ('Ericha Todarini', '587 Helena Pass', 'etodarinie@joomla.org', '2003-02-02');
insert into miembros (NombreMiembro, Direccion, Email, FechaInscripcion) values ('Tova Goodings', '4 Russell Alley', 'tgoodingsf@springer.com', '2001-09-21');
insert into miembros (NombreMiembro, Direccion, Email, FechaInscripcion) values ('Merrile Chellingworth', '531 Lindbergh Park', 'mchellingworthg@techcrunch.com', '2013-05-22');
insert into miembros (NombreMiembro, Direccion, Email, FechaInscripcion) values ('Marie-jeanne Shotton', '4177 Fairview Plaza', 'mshottonh@shinystat.com', '1999-07-10');
insert into miembros (NombreMiembro, Direccion, Email, FechaInscripcion) values ('Sharia Allon', '977 Russell Terrace', 'salloni@acquirethisname.com', '2006-04-17');
insert into miembros (NombreMiembro, Direccion, Email, FechaInscripcion) values ('Shelly Kynnd', '01909 Service Place', 'skynndj@umich.edu', '2007-01-05');
insert into miembros (NombreMiembro, Direccion, Email, FechaInscripcion) values ('Ronnie Kopke', '8 Debra Point', 'rkopkek@unicef.org', '2002-07-26');
insert into miembros (NombreMiembro, Direccion, Email, FechaInscripcion) values ('Sapphira Butt Gow', '96 Dovetail Alley', 'sbuttl@nba.com', '1996-01-04');
insert into miembros (NombreMiembro, Direccion, Email, FechaInscripcion) values ('Mahala Andor', '277 Chive Road', 'mandorm@yolasite.com', '2013-06-13');
insert into miembros (NombreMiembro, Direccion, Email, FechaInscripcion) values ('Wendie Cheer', '9769 Burning Wood Avenue', 'wcheern@tmall.com', '2008-07-02');
insert into miembros (NombreMiembro, Direccion, Email, FechaInscripcion) values ('Iver Jordin', '99 Montana Crossing', 'ijordino@addtoany.com', '2017-05-24');
insert into miembros (NombreMiembro, Direccion, Email, FechaInscripcion) values ('Madalyn Coolson', '4 Myrtle Place', 'mcoolsonp@delicious.com', '2009-05-31');
insert into miembros (NombreMiembro, Direccion, Email, FechaInscripcion) values ('Maryellen Stiegar', '2 Lukken Lane', 'mstiegarq@meetup.com', '1995-01-02');
insert into miembros (NombreMiembro, Direccion, Email, FechaInscripcion) values ('Jan Coughlan', '0309 Hollow Ridge Court', 'jcoughlanr@businesswire.com', '2015-08-22');
insert into miembros (NombreMiembro, Direccion, Email, FechaInscripcion) values ('Chaddy Houltham', '1 Rusk Plaza', 'choulthams@nsw.gov.au', '1996-08-02');
insert into miembros (NombreMiembro, Direccion, Email, FechaInscripcion) values ('Marven Bearham', '77 Knutson Park', 'mbearhamt@dmoz.org', '2008-08-11');
insert into miembros (NombreMiembro, Direccion, Email, FechaInscripcion) values ('Simone Pretley', '9475 Meadow Valley Street', 'spretleyu@wix.com', '2000-01-19');
insert into miembros (NombreMiembro, Direccion, Email, FechaInscripcion) values ('Mattie Pash', '87003 Shoshone Park', 'mpashv@si.edu', '1999-02-03');
insert into miembros (NombreMiembro, Direccion, Email, FechaInscripcion) values ('Broddie Lewry', '4527 Claremont Crossing', 'blewryw@xing.com', '2009-02-15');
insert into miembros (NombreMiembro, Direccion, Email, FechaInscripcion) values ('Antony Tolefree', '45514 Dayton Avenue', 'atolefreex@ft.com', '2014-09-23');
insert into miembros (NombreMiembro, Direccion, Email, FechaInscripcion) values ('Angie Tongs', '42711 Bluestem Alley', 'atongsy@sphinn.com', '2012-06-06');
insert into miembros (NombreMiembro, Direccion, Email, FechaInscripcion) values ('Devon Kyttor', '4816 Havey Way', 'dkyttorz@ycombinator.com', '2008-01-20');
insert into miembros (NombreMiembro, Direccion, Email, FechaInscripcion) values ('Ashli Leverage', '2 Nova Circle', 'aleverage10@cafepress.com', '2006-03-12');
insert into miembros (NombreMiembro, Direccion, Email, FechaInscripcion) values ('Debby Harmstone', '9 Delaware Circle', 'dharmstone11@census.gov', '2018-03-13');
insert into miembros (NombreMiembro, Direccion, Email, FechaInscripcion) values ('Amandie Ricardin', '1 Dryden Way', 'aricardin12@samsung.com', '2023-04-03');
insert into miembros (NombreMiembro, Direccion, Email, FechaInscripcion) values ('Maximilian Martland', '75167 Mayfield Terrace', 'mmartland13@dyndns.org', '2018-06-09');
insert into miembros (NombreMiembro, Direccion, Email, FechaInscripcion) values ('Magnum Morrish', '762 Melody Terrace', 'mmorrish14@dmoz.org', '2010-06-30');
insert into miembros (NombreMiembro, Direccion, Email, FechaInscripcion) values ('Britte Whitesel', '52410 Lukken Pass', 'bwhitesel15@phpbb.com', '2022-03-27');
insert into miembros (NombreMiembro, Direccion, Email, FechaInscripcion) values ('Ame Inworth', '63 Bobwhite Place', 'ainworth16@macromedia.com', '2016-03-07');
insert into miembros (NombreMiembro, Direccion, Email, FechaInscripcion) values ('Richart Anstiss', '04 Gale Park', 'ranstiss17@whitehouse.gov', '2005-12-15');
insert into miembros (NombreMiembro, Direccion, Email, FechaInscripcion) values ('Sibella Volks', '718 Michigan Plaza', 'svolks18@whitehouse.gov', '1998-06-18');
insert into miembros (NombreMiembro, Direccion, Email, FechaInscripcion) values ('Alley Woodyeare', '2755 Grayhawk Pass', 'awoodyeare19@yandex.ru', '2009-07-24');
insert into miembros (NombreMiembro, Direccion, Email, FechaInscripcion) values ('Lazarus Caldeyroux', '03 Anderson Place', 'lcaldeyroux1a@naver.com', '2019-12-11');
insert into miembros (NombreMiembro, Direccion, Email, FechaInscripcion) values ('Bekki Hemphill', '59 Hovde Avenue', 'bhemphill1b@jugem.jp', '2003-09-04');
insert into miembros (NombreMiembro, Direccion, Email, FechaInscripcion) values ('Bryn Wolffers', '22 Merry Trail', 'bwolffers1c@woothemes.com', '2019-08-19');
insert into miembros (NombreMiembro, Direccion, Email, FechaInscripcion) values ('Lillian Corneliussen', '2023 John Wall Parkway', 'lcorneliussen1d@artisteer.com', '2018-09-20');
insert into miembros (NombreMiembro, Direccion, Email, FechaInscripcion) values ('Veronike Drysdale', '3 Rieder Parkway', 'vdrysdale1e@constantcontact.com', '2004-08-08');
insert into miembros (NombreMiembro, Direccion, Email, FechaInscripcion) values ('Harriet Guillotin', '816 Forest Dale Pass', 'hguillotin1f@unblog.fr', '2000-10-02');
insert into miembros (NombreMiembro, Direccion, Email, FechaInscripcion) values ('Kippar Boutwell', '987 Milwaukee Place', 'kboutwell1g@abc.net.au', '2011-06-05');
insert into miembros (NombreMiembro, Direccion, Email, FechaInscripcion) values ('Kikelia Howton', '4997 Judy Alley', 'khowton1h@taobao.com', '2023-04-18');
insert into miembros (NombreMiembro, Direccion, Email, FechaInscripcion) values ('Marcela Able', '063 Lerdahl Point', 'mable1i@tripod.com', '2016-05-30');
insert into miembros (NombreMiembro, Direccion, Email, FechaInscripcion) values ('Legra Shieldon', '57 Village Trail', 'lshieldon1j@vinaora.com', '2007-04-17');
insert into miembros (NombreMiembro, Direccion, Email, FechaInscripcion) values ('Darby Mustoe', '11 Mariners Cove Lane', 'dmustoe1k@mit.edu', '2020-08-20');
insert into miembros (NombreMiembro, Direccion, Email, FechaInscripcion) values ('Madelena Eberst', '5056 Truax Terrace', 'meberst1l@slideshare.net', '2005-12-07');
insert into miembros (NombreMiembro, Direccion, Email, FechaInscripcion) values ('Berna Jauncey', '1 Butternut Center', 'bjauncey1m@t.co', '2000-03-12');
insert into miembros (NombreMiembro, Direccion, Email, FechaInscripcion) values ('Iona Boullin', '94 Coolidge Pass', 'iboullin1n@de.vu', '2003-11-13');
insert into miembros (NombreMiembro, Direccion, Email, FechaInscripcion) values ('Briano Cockley', '00214 Montana Crossing', 'bcockley1o@examiner.com', '2004-02-17');
insert into miembros (NombreMiembro, Direccion, Email, FechaInscripcion) values ('Bayard Mugridge', '9574 Carberry Avenue', 'bmugridge1p@moonfruit.com', '2004-11-28');
insert into miembros (NombreMiembro, Direccion, Email, FechaInscripcion) values ('Raynard Van der Brugge', '2825 Holy Cross Alley', 'rvan1q@wp.com', '2017-05-29');
insert into miembros (NombreMiembro, Direccion, Email, FechaInscripcion) values ('Olympe Conibear', '109 Arizona Junction', 'oconibear1r@cocolog-nifty.com', '2010-10-19');
insert into miembros (NombreMiembro, Direccion, Email, FechaInscripcion) values ('Elfrida Shalders', '55 Evergreen Park', 'eshalders1s@omniture.com', '2016-09-26');
insert into miembros (NombreMiembro, Direccion, Email, FechaInscripcion) values ('Terrell Kennaird', '2 Florence Crossing', 'tkennaird1t@state.gov', '2009-03-29');
insert into miembros (NombreMiembro, Direccion, Email, FechaInscripcion) values ('Herbert Callendar', '652 Manufacturers Trail', 'hcallendar1u@webeden.co.uk', '2007-05-11');
insert into miembros (NombreMiembro, Direccion, Email, FechaInscripcion) values ('Had Beringer', '9 Burning Wood Drive', 'hberinger1v@zdnet.com', '2000-03-19');
insert into miembros (NombreMiembro, Direccion, Email, FechaInscripcion) values ('Lacy Hullock', '9 Farragut Center', 'lhullock1w@theatlantic.com', '2006-06-14');
insert into miembros (NombreMiembro, Direccion, Email, FechaInscripcion) values ('Maxwell Flukes', '188 Kim Plaza', 'mflukes1x@over-blog.com', '1995-09-29');
insert into miembros (NombreMiembro, Direccion, Email, FechaInscripcion) values ('Hildagard McKeag', '0 Troy Avenue', 'hmckeag1y@newsvine.com', '2011-12-17');
insert into miembros (NombreMiembro, Direccion, Email, FechaInscripcion) values ('Fred Snelle', '619 Forest Lane', 'fsnelle1z@ed.gov', '1995-11-05');
insert into miembros (NombreMiembro, Direccion, Email, FechaInscripcion) values ('Luz Huitt', '4 Dawn Center', 'lhuitt20@imgur.com', '2019-05-13');
insert into miembros (NombreMiembro, Direccion, Email, FechaInscripcion) values ('Gradey Dyster', '0 Charing Cross Way', 'gdyster21@bizjournals.com', '2008-01-17');
insert into miembros (NombreMiembro, Direccion, Email, FechaInscripcion) values ('Bank Sturm', '392 Forest Run Center', 'bsturm22@intel.com', '2023-02-08');
insert into miembros (NombreMiembro, Direccion, Email, FechaInscripcion) values ('Eal Gillbard', '2970 Shelley Avenue', 'egillbard23@jugem.jp', '2022-09-12');
insert into miembros (NombreMiembro, Direccion, Email, FechaInscripcion) values ('Lannie Rizzillo', '536 Pond Parkway', 'lrizzillo24@qq.com', '2008-12-09');
insert into miembros (NombreMiembro, Direccion, Email, FechaInscripcion) values ('Enos Tilte', '68 Eagle Crest Junction', 'etilte25@gizmodo.com', '2005-03-13');
insert into miembros (NombreMiembro, Direccion, Email, FechaInscripcion) values ('Vladimir O''Malley', '11761 Stoughton Parkway', 'vomalley26@apple.com', '2013-10-25');
insert into miembros (NombreMiembro, Direccion, Email, FechaInscripcion) values ('Athene Kelling', '9 Dwight Avenue', 'akelling27@nationalgeographic.com', '2006-03-30');
insert into miembros (NombreMiembro, Direccion, Email, FechaInscripcion) values ('Tim Gradley', '4036 Vahlen Avenue', 'tgradley28@gizmodo.com', '2013-05-11');
insert into miembros (NombreMiembro, Direccion, Email, FechaInscripcion) values ('Giavani Rankin', '2 Springs Street', 'grankin29@usda.gov', '2009-01-01');
insert into miembros (NombreMiembro, Direccion, Email, FechaInscripcion) values ('Osborn Formilli', '5 Cordelia Road', 'oformilli2a@army.mil', '2021-04-07');
insert into miembros (NombreMiembro, Direccion, Email, FechaInscripcion) values ('Larine Doumic', '8 Scott Drive', 'ldoumic2b@studiopress.com', '2002-08-08');
insert into miembros (NombreMiembro, Direccion, Email, FechaInscripcion) values ('Inness Lafflina', '7459 Armistice Place', 'ilafflina2c@vk.com', '2010-08-02');
insert into miembros (NombreMiembro, Direccion, Email, FechaInscripcion) values ('Georgi Jurek', '3573 Myrtle Lane', 'gjurek2d@smugmug.com', '2008-01-27');
insert into miembros (NombreMiembro, Direccion, Email, FechaInscripcion) values ('Maryann Feak', '3008 Mariners Cove Alley', 'mfeak2e@parallels.com', '2013-06-27');
insert into miembros (NombreMiembro, Direccion, Email, FechaInscripcion) values ('Merralee Lemerie', '7 Corben Parkway', 'mlemerie2f@ca.gov', '2011-01-21');
insert into miembros (NombreMiembro, Direccion, Email, FechaInscripcion) values ('Derrik Ferronet', '9536 Erie Point', 'dferronet2g@naver.com', '1996-02-20');
insert into miembros (NombreMiembro, Direccion, Email, FechaInscripcion) values ('Brigham Lindenboim', '9311 Express Pass', 'blindenboim2h@yolasite.com', '2010-11-14');
insert into miembros (NombreMiembro, Direccion, Email, FechaInscripcion) values ('Louella Sidaway', '41 Hermina Pass', 'lsidaway2i@usda.gov', '2000-11-18');
insert into miembros (NombreMiembro, Direccion, Email, FechaInscripcion) values ('Alikee Gaveltone', '01248 Moulton Hill', 'agaveltone2j@microsoft.com', '1999-01-16');
insert into miembros (NombreMiembro, Direccion, Email, FechaInscripcion) values ('Trixy Wellbelove', '6123 Kim Trail', 'twellbelove2k@theguardian.com', '2000-03-03');
insert into miembros (NombreMiembro, Direccion, Email, FechaInscripcion) values ('Birk Wais', '483 Grim Circle', 'bwais2l@noaa.gov', '2011-11-09');
insert into miembros (NombreMiembro, Direccion, Email, FechaInscripcion) values ('Caresse Freed', '44 Fallview Terrace', 'cfreed2m@globo.com', '1995-05-01');
insert into miembros (NombreMiembro, Direccion, Email, FechaInscripcion) values ('Johna Pawlick', '9401 Mitchell Circle', 'jpawlick2n@cdbaby.com', '2014-07-30');
insert into miembros (NombreMiembro, Direccion, Email, FechaInscripcion) values ('Ramonda Moorfield', '12 Stang Trail', 'rmoorfield2o@comsenz.com', '2021-02-16');
insert into miembros (NombreMiembro, Direccion, Email, FechaInscripcion) values ('Berny O''Kenny', '614 Stang Way', 'bokenny2p@canalblog.com', '2000-10-03');
insert into miembros (NombreMiembro, Direccion, Email, FechaInscripcion) values ('Starla Coulthard', '1807 Tennessee Alley', 'scoulthard2q@scientificamerican.com', '2019-05-14');
insert into miembros (NombreMiembro, Direccion, Email, FechaInscripcion) values ('Kriste Fayre', '36533 Kropf Plaza', 'kfayre2r@edublogs.org', '2005-06-01');

------------- Inserción de Datos Prestamos -------------
insert into prestamos (IdLibro, IdMiembro, IdEmpleado, FechaPrestamo, FechaDevolucion) values (100, 3, 41, '2019-08-12', '2003-04-12');
insert into prestamos (IdLibro, IdMiembro, IdEmpleado, FechaPrestamo, FechaDevolucion) values (7, 95, 14, '2002-02-24', '1997-05-08');
insert into prestamos (IdLibro, IdMiembro, IdEmpleado, FechaPrestamo, FechaDevolucion) values (73, 34, 76, '2004-12-22', '2015-11-09');
insert into prestamos (IdLibro, IdMiembro, IdEmpleado, FechaPrestamo, FechaDevolucion) values (81, 99, 70, '2004-12-09', '1996-12-08');
insert into prestamos (IdLibro, IdMiembro, IdEmpleado, FechaPrestamo, FechaDevolucion) values (54, 70, 21, '2013-06-20', '2021-07-07');
insert into prestamos (IdLibro, IdMiembro, IdEmpleado, FechaPrestamo, FechaDevolucion) values (9, 4, 88, '2012-02-08', '2021-04-10');
insert into prestamos (IdLibro, IdMiembro, IdEmpleado, FechaPrestamo, FechaDevolucion) values (6, 49, 25, '2021-06-05', '2000-12-18');
insert into prestamos (IdLibro, IdMiembro, IdEmpleado, FechaPrestamo, FechaDevolucion) values (80, 81, 24, '2004-07-20', '2019-06-25');
insert into prestamos (IdLibro, IdMiembro, IdEmpleado, FechaPrestamo, FechaDevolucion) values (80, 68, 98, '2000-06-21', '2020-09-20');
insert into prestamos (IdLibro, IdMiembro, IdEmpleado, FechaPrestamo, FechaDevolucion) values (93, 34, 56, '2006-11-01', '2007-05-06');
insert into prestamos (IdLibro, IdMiembro, IdEmpleado, FechaPrestamo, FechaDevolucion) values (64, 89, 20, '2008-06-02', '2000-03-06');
insert into prestamos (IdLibro, IdMiembro, IdEmpleado, FechaPrestamo, FechaDevolucion) values (90, 23, 41, '2005-01-31', '2003-01-12');
insert into prestamos (IdLibro, IdMiembro, IdEmpleado, FechaPrestamo, FechaDevolucion) values (60, 50, 43, '2012-05-11', '2006-10-15');
insert into prestamos (IdLibro, IdMiembro, IdEmpleado, FechaPrestamo, FechaDevolucion) values (76, 40, 67, '2022-06-25', '1997-05-14');
insert into prestamos (IdLibro, IdMiembro, IdEmpleado, FechaPrestamo, FechaDevolucion) values (91, 97, 44, '1997-09-27', '2021-04-29');
insert into prestamos (IdLibro, IdMiembro, IdEmpleado, FechaPrestamo, FechaDevolucion) values (16, 99, 50, '2016-01-26', '2021-10-16');
insert into prestamos (IdLibro, IdMiembro, IdEmpleado, FechaPrestamo, FechaDevolucion) values (59, 45, 1, '2020-03-15', '2013-02-28');
insert into prestamos (IdLibro, IdMiembro, IdEmpleado, FechaPrestamo, FechaDevolucion) values (8, 66, 69, '1995-03-08', '2003-09-23');
insert into prestamos (IdLibro, IdMiembro, IdEmpleado, FechaPrestamo, FechaDevolucion) values (55, 14, 25, '2004-07-20', '1995-12-12');
insert into prestamos (IdLibro, IdMiembro, IdEmpleado, FechaPrestamo, FechaDevolucion) values (20, 74, 22, '2020-03-11', '1999-10-26');
insert into prestamos (IdLibro, IdMiembro, IdEmpleado, FechaPrestamo, FechaDevolucion) values (10, 59, 73, '2016-12-22', '1996-09-27');
insert into prestamos (IdLibro, IdMiembro, IdEmpleado, FechaPrestamo, FechaDevolucion) values (70, 92, 18, '1995-03-08', '2016-08-11');
insert into prestamos (IdLibro, IdMiembro, IdEmpleado, FechaPrestamo, FechaDevolucion) values (70, 35, 77, '2000-11-07', '2011-06-04');
insert into prestamos (IdLibro, IdMiembro, IdEmpleado, FechaPrestamo, FechaDevolucion) values (37, 76, 64, '2011-12-20', '2009-04-24');
insert into prestamos (IdLibro, IdMiembro, IdEmpleado, FechaPrestamo, FechaDevolucion) values (59, 62, 67, '1995-05-11', '2012-10-14');
insert into prestamos (IdLibro, IdMiembro, IdEmpleado, FechaPrestamo, FechaDevolucion) values (91, 26, 16, '2014-03-08', '2020-04-10');
insert into prestamos (IdLibro, IdMiembro, IdEmpleado, FechaPrestamo, FechaDevolucion) values (1, 42, 78, '2021-04-03', '2006-12-06');
insert into prestamos (IdLibro, IdMiembro, IdEmpleado, FechaPrestamo, FechaDevolucion) values (3, 68, 36, '2005-04-06', '2023-07-02');
insert into prestamos (IdLibro, IdMiembro, IdEmpleado, FechaPrestamo, FechaDevolucion) values (17, 17, 99, '2001-08-29', '2021-08-23');
insert into prestamos (IdLibro, IdMiembro, IdEmpleado, FechaPrestamo, FechaDevolucion) values (73, 45, 80, '1996-01-18', '2013-10-31');
insert into prestamos (IdLibro, IdMiembro, IdEmpleado, FechaPrestamo, FechaDevolucion) values (12, 89, 86, '2014-07-22', '1999-03-23');
insert into prestamos (IdLibro, IdMiembro, IdEmpleado, FechaPrestamo, FechaDevolucion) values (89, 19, 44, '2003-06-20', '2021-11-26');
insert into prestamos (IdLibro, IdMiembro, IdEmpleado, FechaPrestamo, FechaDevolucion) values (43, 51, 22, '1998-01-26', '2007-05-20');
insert into prestamos (IdLibro, IdMiembro, IdEmpleado, FechaPrestamo, FechaDevolucion) values (98, 16, 13, '2017-04-22', '2020-10-23');
insert into prestamos (IdLibro, IdMiembro, IdEmpleado, FechaPrestamo, FechaDevolucion) values (99, 51, 66, '2019-05-15', '2010-06-24');
insert into prestamos (IdLibro, IdMiembro, IdEmpleado, FechaPrestamo, FechaDevolucion) values (47, 20, 91, '2016-10-26', '2014-11-27');
insert into prestamos (IdLibro, IdMiembro, IdEmpleado, FechaPrestamo, FechaDevolucion) values (86, 56, 37, '2012-12-12', '2013-02-21');
insert into prestamos (IdLibro, IdMiembro, IdEmpleado, FechaPrestamo, FechaDevolucion) values (95, 10, 21, '2001-02-04', '2017-12-03');
insert into prestamos (IdLibro, IdMiembro, IdEmpleado, FechaPrestamo, FechaDevolucion) values (93, 8, 97, '1997-03-30', '2004-03-12');
insert into prestamos (IdLibro, IdMiembro, IdEmpleado, FechaPrestamo, FechaDevolucion) values (53, 25, 21, '2023-06-29', '2006-02-05');
insert into prestamos (IdLibro, IdMiembro, IdEmpleado, FechaPrestamo, FechaDevolucion) values (37, 69, 45, '2006-10-19', '1997-03-24');
insert into prestamos (IdLibro, IdMiembro, IdEmpleado, FechaPrestamo, FechaDevolucion) values (1, 77, 73, '2021-10-25', '2004-11-03');
insert into prestamos (IdLibro, IdMiembro, IdEmpleado, FechaPrestamo, FechaDevolucion) values (38, 54, 100, '2016-08-04', '2004-06-16');
insert into prestamos (IdLibro, IdMiembro, IdEmpleado, FechaPrestamo, FechaDevolucion) values (21, 46, 75, '2004-09-24', '2010-01-15');
insert into prestamos (IdLibro, IdMiembro, IdEmpleado, FechaPrestamo, FechaDevolucion) values (69, 41, 94, '2003-02-17', '2009-03-22');
insert into prestamos (IdLibro, IdMiembro, IdEmpleado, FechaPrestamo, FechaDevolucion) values (24, 17, 15, '2006-09-19', '1996-10-05');
insert into prestamos (IdLibro, IdMiembro, IdEmpleado, FechaPrestamo, FechaDevolucion) values (15, 90, 6, '1997-04-30', '2017-01-06');
insert into prestamos (IdLibro, IdMiembro, IdEmpleado, FechaPrestamo, FechaDevolucion) values (48, 26, 9, '1996-08-18', '2007-10-06');
insert into prestamos (IdLibro, IdMiembro, IdEmpleado, FechaPrestamo, FechaDevolucion) values (59, 17, 50, '2012-09-12', '2015-08-22');
insert into prestamos (IdLibro, IdMiembro, IdEmpleado, FechaPrestamo, FechaDevolucion) values (96, 34, 94, '2011-03-27', '1999-01-16');
insert into prestamos (IdLibro, IdMiembro, IdEmpleado, FechaPrestamo, FechaDevolucion) values (51, 4, 41, '2011-11-23', '2012-02-06');
insert into prestamos (IdLibro, IdMiembro, IdEmpleado, FechaPrestamo, FechaDevolucion) values (69, 32, 89, '2004-05-14', '2015-01-31');
insert into prestamos (IdLibro, IdMiembro, IdEmpleado, FechaPrestamo, FechaDevolucion) values (36, 15, 14, '2005-02-18', '2007-02-07');
insert into prestamos (IdLibro, IdMiembro, IdEmpleado, FechaPrestamo, FechaDevolucion) values (70, 39, 80, '2010-10-20', '2004-09-02');
insert into prestamos (IdLibro, IdMiembro, IdEmpleado, FechaPrestamo, FechaDevolucion) values (34, 69, 48, '2013-08-20', '2008-08-07');
insert into prestamos (IdLibro, IdMiembro, IdEmpleado, FechaPrestamo, FechaDevolucion) values (82, 48, 62, '2017-05-25', '2006-02-06');
insert into prestamos (IdLibro, IdMiembro, IdEmpleado, FechaPrestamo, FechaDevolucion) values (81, 10, 41, '2018-02-05', '2004-03-20');
insert into prestamos (IdLibro, IdMiembro, IdEmpleado, FechaPrestamo, FechaDevolucion) values (38, 5, 25, '2007-01-10', '2003-09-01');
insert into prestamos (IdLibro, IdMiembro, IdEmpleado, FechaPrestamo, FechaDevolucion) values (32, 13, 17, '2012-04-21', '2006-04-17');
insert into prestamos (IdLibro, IdMiembro, IdEmpleado, FechaPrestamo, FechaDevolucion) values (87, 90, 53, '2022-02-14', '2015-01-27');
insert into prestamos (IdLibro, IdMiembro, IdEmpleado, FechaPrestamo, FechaDevolucion) values (54, 16, 28, '1999-04-03', '2004-06-11');
insert into prestamos (IdLibro, IdMiembro, IdEmpleado, FechaPrestamo, FechaDevolucion) values (41, 37, 58, '2009-12-11', '1997-06-24');
insert into prestamos (IdLibro, IdMiembro, IdEmpleado, FechaPrestamo, FechaDevolucion) values (36, 51, 38, '2005-06-11', '2012-05-11');
insert into prestamos (IdLibro, IdMiembro, IdEmpleado, FechaPrestamo, FechaDevolucion) values (60, 59, 21, '2020-01-03', '2012-07-18');
insert into prestamos (IdLibro, IdMiembro, IdEmpleado, FechaPrestamo, FechaDevolucion) values (10, 98, 36, '2013-01-11', '2016-12-10');
insert into prestamos (IdLibro, IdMiembro, IdEmpleado, FechaPrestamo, FechaDevolucion) values (63, 44, 5, '2005-08-24', '2020-01-01');
insert into prestamos (IdLibro, IdMiembro, IdEmpleado, FechaPrestamo, FechaDevolucion) values (73, 54, 4, '2015-10-04', '2005-11-08');
insert into prestamos (IdLibro, IdMiembro, IdEmpleado, FechaPrestamo, FechaDevolucion) values (27, 95, 72, '2014-07-04', '1996-09-27');
insert into prestamos (IdLibro, IdMiembro, IdEmpleado, FechaPrestamo, FechaDevolucion) values (70, 16, 53, '2007-10-13', '2023-08-05');
insert into prestamos (IdLibro, IdMiembro, IdEmpleado, FechaPrestamo, FechaDevolucion) values (68, 78, 4, '2007-07-15', '2022-11-01');
insert into prestamos (IdLibro, IdMiembro, IdEmpleado, FechaPrestamo, FechaDevolucion) values (69, 3, 5, '2009-07-17', '2022-09-21');
insert into prestamos (IdLibro, IdMiembro, IdEmpleado, FechaPrestamo, FechaDevolucion) values (63, 18, 93, '1997-03-07', '2011-05-10');
insert into prestamos (IdLibro, IdMiembro, IdEmpleado, FechaPrestamo, FechaDevolucion) values (55, 13, 39, '2022-10-26', '2016-03-06');
insert into prestamos (IdLibro, IdMiembro, IdEmpleado, FechaPrestamo, FechaDevolucion) values (58, 12, 55, '2002-07-20', '2022-10-31');
insert into prestamos (IdLibro, IdMiembro, IdEmpleado, FechaPrestamo, FechaDevolucion) values (34, 61, 16, '2014-03-22', '2001-11-30');
insert into prestamos (IdLibro, IdMiembro, IdEmpleado, FechaPrestamo, FechaDevolucion) values (7, 68, 16, '2020-03-13', '2004-07-12');
insert into prestamos (IdLibro, IdMiembro, IdEmpleado, FechaPrestamo, FechaDevolucion) values (52, 37, 28, '2012-03-13', '2006-01-29');
insert into prestamos (IdLibro, IdMiembro, IdEmpleado, FechaPrestamo, FechaDevolucion) values (74, 79, 96, '2018-12-06', '1996-03-04');
insert into prestamos (IdLibro, IdMiembro, IdEmpleado, FechaPrestamo, FechaDevolucion) values (3, 83, 25, '2006-07-13', '2021-02-18');
insert into prestamos (IdLibro, IdMiembro, IdEmpleado, FechaPrestamo, FechaDevolucion) values (59, 55, 73, '2006-11-15', '2000-05-13');
insert into prestamos (IdLibro, IdMiembro, IdEmpleado, FechaPrestamo, FechaDevolucion) values (64, 28, 6, '2008-04-23', '2014-06-28');
insert into prestamos (IdLibro, IdMiembro, IdEmpleado, FechaPrestamo, FechaDevolucion) values (68, 62, 62, '2008-10-30', '2001-04-13');
insert into prestamos (IdLibro, IdMiembro, IdEmpleado, FechaPrestamo, FechaDevolucion) values (68, 2, 19, '2023-09-14', '2018-02-10');
insert into prestamos (IdLibro, IdMiembro, IdEmpleado, FechaPrestamo, FechaDevolucion) values (82, 93, 89, '2005-06-30', '1995-08-28');
insert into prestamos (IdLibro, IdMiembro, IdEmpleado, FechaPrestamo, FechaDevolucion) values (57, 81, 27, '2004-02-13', '2020-07-14');
insert into prestamos (IdLibro, IdMiembro, IdEmpleado, FechaPrestamo, FechaDevolucion) values (24, 29, 82, '2012-10-13', '2008-11-01');
insert into prestamos (IdLibro, IdMiembro, IdEmpleado, FechaPrestamo, FechaDevolucion) values (35, 52, 40, '2020-03-07', '2010-02-10');
insert into prestamos (IdLibro, IdMiembro, IdEmpleado, FechaPrestamo, FechaDevolucion) values (44, 1, 23, '2010-06-15', '2017-11-19');
insert into prestamos (IdLibro, IdMiembro, IdEmpleado, FechaPrestamo, FechaDevolucion) values (74, 53, 84, '1996-05-05', '2019-01-21');
insert into prestamos (IdLibro, IdMiembro, IdEmpleado, FechaPrestamo, FechaDevolucion) values (87, 83, 18, '2012-12-29', '2005-10-31');
insert into prestamos (IdLibro, IdMiembro, IdEmpleado, FechaPrestamo, FechaDevolucion) values (84, 78, 76, '1995-04-11', '2008-01-31');
insert into prestamos (IdLibro, IdMiembro, IdEmpleado, FechaPrestamo, FechaDevolucion) values (78, 22, 69, '2002-01-27', '2014-11-20');
insert into prestamos (IdLibro, IdMiembro, IdEmpleado, FechaPrestamo, FechaDevolucion) values (50, 65, 40, '2000-04-16', '1995-02-06');
insert into prestamos (IdLibro, IdMiembro, IdEmpleado, FechaPrestamo, FechaDevolucion) values (21, 26, 1, '2015-01-26', '2010-12-09');
insert into prestamos (IdLibro, IdMiembro, IdEmpleado, FechaPrestamo, FechaDevolucion) values (93, 43, 50, '2023-07-02', '2006-09-22');
insert into prestamos (IdLibro, IdMiembro, IdEmpleado, FechaPrestamo, FechaDevolucion) values (42, 68, 64, '2005-09-23', '1995-10-19');
insert into prestamos (IdLibro, IdMiembro, IdEmpleado, FechaPrestamo, FechaDevolucion) values (23, 13, 17, '2006-12-22', '2022-09-21');
insert into prestamos (IdLibro, IdMiembro, IdEmpleado, FechaPrestamo, FechaDevolucion) values (37, 73, 18, '2003-09-20', '2006-04-21');
insert into prestamos (IdLibro, IdMiembro, IdEmpleado, FechaPrestamo, FechaDevolucion) values (64, 51, 36, '2004-02-25', '2013-06-17');
insert into prestamos (IdLibro, IdMiembro, IdEmpleado, FechaPrestamo, FechaDevolucion) values (37, 5, 86, '1995-03-15', '2003-07-24');

------------- Inserción de Datos Reservas -------------
insert into reservas (IdLibro, IdMiembro, FechaReserva) values (97, 17, '2007-09-06');
insert into reservas (IdLibro, IdMiembro, FechaReserva) values (40, 60, '2007-11-17');
insert into reservas (IdLibro, IdMiembro, FechaReserva) values (14, 45, '2023-09-29');
insert into reservas (IdLibro, IdMiembro, FechaReserva) values (67, 75, '2006-05-09');
insert into reservas (IdLibro, IdMiembro, FechaReserva) values (24, 84, '2012-04-06');
insert into reservas (IdLibro, IdMiembro, FechaReserva) values (95, 94, '2005-04-26');
insert into reservas (IdLibro, IdMiembro, FechaReserva) values (93, 41, '2015-10-29');
insert into reservas (IdLibro, IdMiembro, FechaReserva) values (38, 21, '2015-07-22');
insert into reservas (IdLibro, IdMiembro, FechaReserva) values (98, 97, '2007-02-09');
insert into reservas (IdLibro, IdMiembro, FechaReserva) values (38, 57, '2015-05-15');
insert into reservas (IdLibro, IdMiembro, FechaReserva) values (28, 50, '2008-05-26');
insert into reservas (IdLibro, IdMiembro, FechaReserva) values (2, 39, '2009-05-03');
insert into reservas (IdLibro, IdMiembro, FechaReserva) values (50, 64, '2008-01-11');
insert into reservas (IdLibro, IdMiembro, FechaReserva) values (34, 48, '2011-07-05');
insert into reservas (IdLibro, IdMiembro, FechaReserva) values (10, 25, '2018-09-14');
insert into reservas (IdLibro, IdMiembro, FechaReserva) values (18, 8, '2016-08-17');
insert into reservas (IdLibro, IdMiembro, FechaReserva) values (61, 3, '2020-07-10');
insert into reservas (IdLibro, IdMiembro, FechaReserva) values (86, 45, '2006-04-01');
insert into reservas (IdLibro, IdMiembro, FechaReserva) values (45, 20, '2013-10-26');
insert into reservas (IdLibro, IdMiembro, FechaReserva) values (55, 89, '2018-06-15');
insert into reservas (IdLibro, IdMiembro, FechaReserva) values (83, 7, '2005-06-05');
insert into reservas (IdLibro, IdMiembro, FechaReserva) values (10, 22, '2022-03-13');
insert into reservas (IdLibro, IdMiembro, FechaReserva) values (23, 70, '2009-12-27');
insert into reservas (IdLibro, IdMiembro, FechaReserva) values (41, 82, '2021-02-13');
insert into reservas (IdLibro, IdMiembro, FechaReserva) values (66, 19, '2009-11-01');
insert into reservas (IdLibro, IdMiembro, FechaReserva) values (74, 31, '2016-02-28');
insert into reservas (IdLibro, IdMiembro, FechaReserva) values (74, 24, '2005-04-26');
insert into reservas (IdLibro, IdMiembro, FechaReserva) values (46, 34, '2016-11-17');
insert into reservas (IdLibro, IdMiembro, FechaReserva) values (2, 16, '2017-04-11');
insert into reservas (IdLibro, IdMiembro, FechaReserva) values (28, 31, '2005-06-22');
insert into reservas (IdLibro, IdMiembro, FechaReserva) values (74, 55, '2022-10-09');
insert into reservas (IdLibro, IdMiembro, FechaReserva) values (31, 96, '2017-12-15');
insert into reservas (IdLibro, IdMiembro, FechaReserva) values (50, 87, '2007-06-02');
insert into reservas (IdLibro, IdMiembro, FechaReserva) values (5, 5, '2007-06-19');
insert into reservas (IdLibro, IdMiembro, FechaReserva) values (89, 59, '2017-08-01');
insert into reservas (IdLibro, IdMiembro, FechaReserva) values (94, 63, '2021-09-28');
insert into reservas (IdLibro, IdMiembro, FechaReserva) values (49, 15, '2016-02-09');
insert into reservas (IdLibro, IdMiembro, FechaReserva) values (42, 20, '2017-03-04');
insert into reservas (IdLibro, IdMiembro, FechaReserva) values (26, 63, '2021-09-20');
insert into reservas (IdLibro, IdMiembro, FechaReserva) values (20, 99, '2021-12-14');
insert into reservas (IdLibro, IdMiembro, FechaReserva) values (12, 93, '2022-01-04');
insert into reservas (IdLibro, IdMiembro, FechaReserva) values (18, 89, '2023-05-31');
insert into reservas (IdLibro, IdMiembro, FechaReserva) values (27, 60, '2011-04-29');
insert into reservas (IdLibro, IdMiembro, FechaReserva) values (80, 35, '2012-05-06');
insert into reservas (IdLibro, IdMiembro, FechaReserva) values (4, 59, '2008-07-13');
insert into reservas (IdLibro, IdMiembro, FechaReserva) values (77, 60, '2021-11-22');
insert into reservas (IdLibro, IdMiembro, FechaReserva) values (51, 69, '2016-09-04');
insert into reservas (IdLibro, IdMiembro, FechaReserva) values (79, 6, '2006-01-04');
insert into reservas (IdLibro, IdMiembro, FechaReserva) values (4, 15, '2019-01-06');
insert into reservas (IdLibro, IdMiembro, FechaReserva) values (17, 68, '2022-10-11');
insert into reservas (IdLibro, IdMiembro, FechaReserva) values (28, 26, '2023-07-06');
insert into reservas (IdLibro, IdMiembro, FechaReserva) values (13, 93, '2020-04-04');
insert into reservas (IdLibro, IdMiembro, FechaReserva) values (80, 58, '2012-08-17');
insert into reservas (IdLibro, IdMiembro, FechaReserva) values (18, 100, '2014-11-01');
insert into reservas (IdLibro, IdMiembro, FechaReserva) values (89, 30, '2007-07-29');
insert into reservas (IdLibro, IdMiembro, FechaReserva) values (19, 73, '2013-02-15');
insert into reservas (IdLibro, IdMiembro, FechaReserva) values (49, 36, '2018-11-30');
insert into reservas (IdLibro, IdMiembro, FechaReserva) values (17, 21, '2006-01-10');
insert into reservas (IdLibro, IdMiembro, FechaReserva) values (11, 57, '2009-06-01');
insert into reservas (IdLibro, IdMiembro, FechaReserva) values (59, 6, '2007-11-08');
insert into reservas (IdLibro, IdMiembro, FechaReserva) values (85, 4, '2016-02-23');
insert into reservas (IdLibro, IdMiembro, FechaReserva) values (79, 55, '2006-12-07');
insert into reservas (IdLibro, IdMiembro, FechaReserva) values (83, 58, '2022-10-06');
insert into reservas (IdLibro, IdMiembro, FechaReserva) values (15, 25, '2012-03-07');
insert into reservas (IdLibro, IdMiembro, FechaReserva) values (35, 92, '2005-01-03');
insert into reservas (IdLibro, IdMiembro, FechaReserva) values (26, 27, '2008-06-05');
insert into reservas (IdLibro, IdMiembro, FechaReserva) values (56, 99, '2016-09-25');
insert into reservas (IdLibro, IdMiembro, FechaReserva) values (53, 20, '2010-03-21');
insert into reservas (IdLibro, IdMiembro, FechaReserva) values (36, 43, '2010-06-09');
insert into reservas (IdLibro, IdMiembro, FechaReserva) values (53, 53, '2013-10-07');
insert into reservas (IdLibro, IdMiembro, FechaReserva) values (67, 61, '2015-10-07');
insert into reservas (IdLibro, IdMiembro, FechaReserva) values (48, 35, '2007-03-31');
insert into reservas (IdLibro, IdMiembro, FechaReserva) values (59, 86, '2009-12-25');
insert into reservas (IdLibro, IdMiembro, FechaReserva) values (64, 64, '2008-03-05');
insert into reservas (IdLibro, IdMiembro, FechaReserva) values (18, 98, '2010-02-03');
insert into reservas (IdLibro, IdMiembro, FechaReserva) values (90, 61, '2023-04-08');
insert into reservas (IdLibro, IdMiembro, FechaReserva) values (29, 14, '2023-09-26');
insert into reservas (IdLibro, IdMiembro, FechaReserva) values (99, 11, '2023-09-10');
insert into reservas (IdLibro, IdMiembro, FechaReserva) values (23, 71, '2021-03-09');
insert into reservas (IdLibro, IdMiembro, FechaReserva) values (13, 6, '2005-02-26');
insert into reservas (IdLibro, IdMiembro, FechaReserva) values (88, 62, '2016-11-17');
insert into reservas (IdLibro, IdMiembro, FechaReserva) values (87, 44, '2009-02-06');
insert into reservas (IdLibro, IdMiembro, FechaReserva) values (87, 38, '2009-12-27');
insert into reservas (IdLibro, IdMiembro, FechaReserva) values (98, 63, '2007-05-19');
insert into reservas (IdLibro, IdMiembro, FechaReserva) values (63, 37, '2013-05-16');
insert into reservas (IdLibro, IdMiembro, FechaReserva) values (85, 8, '2013-06-10');
insert into reservas (IdLibro, IdMiembro, FechaReserva) values (11, 98, '2020-09-09');
insert into reservas (IdLibro, IdMiembro, FechaReserva) values (30, 84, '2019-06-04');
insert into reservas (IdLibro, IdMiembro, FechaReserva) values (99, 97, '2017-07-08');
insert into reservas (IdLibro, IdMiembro, FechaReserva) values (58, 32, '2007-06-06');
insert into reservas (IdLibro, IdMiembro, FechaReserva) values (70, 64, '2018-07-14');
insert into reservas (IdLibro, IdMiembro, FechaReserva) values (63, 19, '2006-01-19');
insert into reservas (IdLibro, IdMiembro, FechaReserva) values (40, 52, '2014-03-08');
insert into reservas (IdLibro, IdMiembro, FechaReserva) values (42, 45, '2007-01-31');
insert into reservas (IdLibro, IdMiembro, FechaReserva) values (16, 72, '2020-12-19');
insert into reservas (IdLibro, IdMiembro, FechaReserva) values (96, 50, '2013-01-01');
insert into reservas (IdLibro, IdMiembro, FechaReserva) values (53, 89, '2011-06-19');
insert into reservas (IdLibro, IdMiembro, FechaReserva) values (45, 88, '2022-08-04');
insert into reservas (IdLibro, IdMiembro, FechaReserva) values (85, 37, '2012-05-26');
insert into reservas (IdLibro, IdMiembro, FechaReserva) values (38, 94, '2010-05-27');

------------- Inserción de Datos autoresLibros -------------
insert into autoresLibros (IdLibro, IdAutor) values (15, 50);
insert into autoresLibros (IdLibro, IdAutor) values (29, 53);
insert into autoresLibros (IdLibro, IdAutor) values (11, 28);
insert into autoresLibros (IdLibro, IdAutor) values (89, 46);
insert into autoresLibros (IdLibro, IdAutor) values (93, 1);
insert into autoresLibros (IdLibro, IdAutor) values (56, 73);
insert into autoresLibros (IdLibro, IdAutor) values (66, 8);
insert into autoresLibros (IdLibro, IdAutor) values (57, 24);
insert into autoresLibros (IdLibro, IdAutor) values (71, 30);
insert into autoresLibros (IdLibro, IdAutor) values (90, 83);
insert into autoresLibros (IdLibro, IdAutor) values (83, 28);
insert into autoresLibros (IdLibro, IdAutor) values (52, 36);
insert into autoresLibros (IdLibro, IdAutor) values (83, 99);
insert into autoresLibros (IdLibro, IdAutor) values (40, 98);
insert into autoresLibros (IdLibro, IdAutor) values (21, 85);
insert into autoresLibros (IdLibro, IdAutor) values (50, 96);
insert into autoresLibros (IdLibro, IdAutor) values (80, 59);
insert into autoresLibros (IdLibro, IdAutor) values (37, 35);
insert into autoresLibros (IdLibro, IdAutor) values (3, 55);
insert into autoresLibros (IdLibro, IdAutor) values (35, 78);
insert into autoresLibros (IdLibro, IdAutor) values (73, 83);
insert into autoresLibros (IdLibro, IdAutor) values (30, 22);
insert into autoresLibros (IdLibro, IdAutor) values (60, 79);
insert into autoresLibros (IdLibro, IdAutor) values (42, 85);
insert into autoresLibros (IdLibro, IdAutor) values (91, 43);
insert into autoresLibros (IdLibro, IdAutor) values (55, 49);
insert into autoresLibros (IdLibro, IdAutor) values (5, 12);
insert into autoresLibros (IdLibro, IdAutor) values (78, 80);
insert into autoresLibros (IdLibro, IdAutor) values (35, 98);
insert into autoresLibros (IdLibro, IdAutor) values (12, 20);
insert into autoresLibros (IdLibro, IdAutor) values (6, 61);
insert into autoresLibros (IdLibro, IdAutor) values (86, 31);
insert into autoresLibros (IdLibro, IdAutor) values (100, 46);
insert into autoresLibros (IdLibro, IdAutor) values (4, 92);
insert into autoresLibros (IdLibro, IdAutor) values (53, 83);
insert into autoresLibros (IdLibro, IdAutor) values (38, 47);
insert into autoresLibros (IdLibro, IdAutor) values (86, 54);
insert into autoresLibros (IdLibro, IdAutor) values (82, 49);
insert into autoresLibros (IdLibro, IdAutor) values (26, 68);
insert into autoresLibros (IdLibro, IdAutor) values (10, 84);
insert into autoresLibros (IdLibro, IdAutor) values (49, 29);
insert into autoresLibros (IdLibro, IdAutor) values (97, 90);
insert into autoresLibros (IdLibro, IdAutor) values (50, 82);
insert into autoresLibros (IdLibro, IdAutor) values (15, 3);
insert into autoresLibros (IdLibro, IdAutor) values (45, 43);
insert into autoresLibros (IdLibro, IdAutor) values (60, 67);
insert into autoresLibros (IdLibro, IdAutor) values (30, 98);
insert into autoresLibros (IdLibro, IdAutor) values (96, 43);
insert into autoresLibros (IdLibro, IdAutor) values (66, 70);
insert into autoresLibros (IdLibro, IdAutor) values (90, 37);
insert into autoresLibros (IdLibro, IdAutor) values (43, 98);
insert into autoresLibros (IdLibro, IdAutor) values (30, 17);
insert into autoresLibros (IdLibro, IdAutor) values (64, 50);
insert into autoresLibros (IdLibro, IdAutor) values (9, 49);
insert into autoresLibros (IdLibro, IdAutor) values (9, 13);
insert into autoresLibros (IdLibro, IdAutor) values (48, 63);
insert into autoresLibros (IdLibro, IdAutor) values (37, 23);
insert into autoresLibros (IdLibro, IdAutor) values (24, 73);
insert into autoresLibros (IdLibro, IdAutor) values (85, 19);
insert into autoresLibros (IdLibro, IdAutor) values (62, 92);
insert into autoresLibros (IdLibro, IdAutor) values (66, 88);
insert into autoresLibros (IdLibro, IdAutor) values (27, 2);
insert into autoresLibros (IdLibro, IdAutor) values (18, 74);
insert into autoresLibros (IdLibro, IdAutor) values (47, 46);
insert into autoresLibros (IdLibro, IdAutor) values (17, 93);
insert into autoresLibros (IdLibro, IdAutor) values (70, 69);
insert into autoresLibros (IdLibro, IdAutor) values (70, 33);
insert into autoresLibros (IdLibro, IdAutor) values (83, 30);
insert into autoresLibros (IdLibro, IdAutor) values (10, 95);
insert into autoresLibros (IdLibro, IdAutor) values (36, 57);
insert into autoresLibros (IdLibro, IdAutor) values (50, 29);
insert into autoresLibros (IdLibro, IdAutor) values (35, 60);
insert into autoresLibros (IdLibro, IdAutor) values (11, 44);
insert into autoresLibros (IdLibro, IdAutor) values (51, 83);
insert into autoresLibros (IdLibro, IdAutor) values (9, 36);
insert into autoresLibros (IdLibro, IdAutor) values (54, 31);
insert into autoresLibros (IdLibro, IdAutor) values (62, 88);
insert into autoresLibros (IdLibro, IdAutor) values (31, 21);
insert into autoresLibros (IdLibro, IdAutor) values (66, 32);
insert into autoresLibros (IdLibro, IdAutor) values (57, 22);
insert into autoresLibros (IdLibro, IdAutor) values (80, 55);
insert into autoresLibros (IdLibro, IdAutor) values (70, 68);
insert into autoresLibros (IdLibro, IdAutor) values (90, 33);
insert into autoresLibros (IdLibro, IdAutor) values (24, 92);
insert into autoresLibros (IdLibro, IdAutor) values (12, 51);
insert into autoresLibros (IdLibro, IdAutor) values (45, 29);
insert into autoresLibros (IdLibro, IdAutor) values (65, 58);
insert into autoresLibros (IdLibro, IdAutor) values (50, 20);
insert into autoresLibros (IdLibro, IdAutor) values (86, 92);
insert into autoresLibros (IdLibro, IdAutor) values (74, 34);
insert into autoresLibros (IdLibro, IdAutor) values (20, 33);
insert into autoresLibros (IdLibro, IdAutor) values (14, 7);
insert into autoresLibros (IdLibro, IdAutor) values (80, 32);
insert into autoresLibros (IdLibro, IdAutor) values (46, 85);
insert into autoresLibros (IdLibro, IdAutor) values (43, 33);
insert into autoresLibros (IdLibro, IdAutor) values (5, 81);
insert into autoresLibros (IdLibro, IdAutor) values (22, 98);
insert into autoresLibros (IdLibro, IdAutor) values (54, 77);
insert into autoresLibros (IdLibro, IdAutor) values (42, 24);
insert into autoresLibros (IdLibro, IdAutor) values (55, 51);

------------- Inserción de Datos categoriasLibros -------------
insert into categoriasLibros (NombreCategoria) values ('Paralegal');
insert into categoriasLibros (NombreCategoria) values ('Electrical Engineer');
insert into categoriasLibros (NombreCategoria) values ('Media Manager II');
insert into categoriasLibros (NombreCategoria) values ('Database Administrator II');
insert into categoriasLibros (NombreCategoria) values ('Financial Advisor');
insert into categoriasLibros (NombreCategoria) values ('Cost Accountant');
insert into categoriasLibros (NombreCategoria) values ('Assistant Professor');
insert into categoriasLibros (NombreCategoria) values ('Editor');
insert into categoriasLibros (NombreCategoria) values ('Graphic Designer');
insert into categoriasLibros (NombreCategoria) values ('Automation Specialist III');
insert into categoriasLibros (NombreCategoria) values ('Civil Engineer');
insert into categoriasLibros (NombreCategoria) values ('Clinical Specialist');
insert into categoriasLibros (NombreCategoria) values ('VP Sales');
insert into categoriasLibros (NombreCategoria) values ('Occupational Therapist');
insert into categoriasLibros (NombreCategoria) values ('Financial Advisor');
insert into categoriasLibros (NombreCategoria) values ('VP Marketing');
insert into categoriasLibros (NombreCategoria) values ('Web Designer III');
insert into categoriasLibros (NombreCategoria) values ('Statistician III');
insert into categoriasLibros (NombreCategoria) values ('Accounting Assistant IV');
insert into categoriasLibros (NombreCategoria) values ('Administrative Officer');
insert into categoriasLibros (NombreCategoria) values ('Executive Secretary');
insert into categoriasLibros (NombreCategoria) values ('Nurse');
insert into categoriasLibros (NombreCategoria) values ('Nuclear Power Engineer');
insert into categoriasLibros (NombreCategoria) values ('Physical Therapy Assistant');
insert into categoriasLibros (NombreCategoria) values ('Legal Assistant');
insert into categoriasLibros (NombreCategoria) values ('Statistician III');
insert into categoriasLibros (NombreCategoria) values ('Sales Representative');
insert into categoriasLibros (NombreCategoria) values ('Human Resources Assistant II');
insert into categoriasLibros (NombreCategoria) values ('VP Product Management');
insert into categoriasLibros (NombreCategoria) values ('Sales Associate');
insert into categoriasLibros (NombreCategoria) values ('Statistician II');
insert into categoriasLibros (NombreCategoria) values ('Computer Systems Analyst II');
insert into categoriasLibros (NombreCategoria) values ('Research Nurse');
insert into categoriasLibros (NombreCategoria) values ('Senior Developer');
insert into categoriasLibros (NombreCategoria) values ('Information Systems Manager');
insert into categoriasLibros (NombreCategoria) values ('Information Systems Manager');
insert into categoriasLibros (NombreCategoria) values ('Financial Analyst');
insert into categoriasLibros (NombreCategoria) values ('Clinical Specialist');
insert into categoriasLibros (NombreCategoria) values ('Legal Assistant');
insert into categoriasLibros (NombreCategoria) values ('Research Assistant I');
insert into categoriasLibros (NombreCategoria) values ('Speech Pathologist');
insert into categoriasLibros (NombreCategoria) values ('Recruiting Manager');
insert into categoriasLibros (NombreCategoria) values ('Recruiter');
insert into categoriasLibros (NombreCategoria) values ('Accountant IV');
insert into categoriasLibros (NombreCategoria) values ('Programmer II');
insert into categoriasLibros (NombreCategoria) values ('Database Administrator II');
insert into categoriasLibros (NombreCategoria) values ('Actuary');
insert into categoriasLibros (NombreCategoria) values ('Graphic Designer');
insert into categoriasLibros (NombreCategoria) values ('Quality Control Specialist');
insert into categoriasLibros (NombreCategoria) values ('Nurse Practicioner');
insert into categoriasLibros (NombreCategoria) values ('Recruiter');
insert into categoriasLibros (NombreCategoria) values ('Actuary');
insert into categoriasLibros (NombreCategoria) values ('Human Resources Assistant IV');
insert into categoriasLibros (NombreCategoria) values ('Civil Engineer');
insert into categoriasLibros (NombreCategoria) values ('Geologist II');
insert into categoriasLibros (NombreCategoria) values ('Graphic Designer');
insert into categoriasLibros (NombreCategoria) values ('Geologist II');
insert into categoriasLibros (NombreCategoria) values ('Librarian');
insert into categoriasLibros (NombreCategoria) values ('Senior Editor');
insert into categoriasLibros (NombreCategoria) values ('Analog Circuit Design manager');
insert into categoriasLibros (NombreCategoria) values ('Account Representative IV');
insert into categoriasLibros (NombreCategoria) values ('Marketing Manager');
insert into categoriasLibros (NombreCategoria) values ('Graphic Designer');
insert into categoriasLibros (NombreCategoria) values ('Engineer IV');
insert into categoriasLibros (NombreCategoria) values ('Graphic Designer');
insert into categoriasLibros (NombreCategoria) values ('Budget/Accounting Analyst I');
insert into categoriasLibros (NombreCategoria) values ('Research Assistant II');
insert into categoriasLibros (NombreCategoria) values ('Systems Administrator II');
insert into categoriasLibros (NombreCategoria) values ('Environmental Specialist');
insert into categoriasLibros (NombreCategoria) values ('Assistant Media Planner');
insert into categoriasLibros (NombreCategoria) values ('VP Quality Control');
insert into categoriasLibros (NombreCategoria) values ('GIS Technical Architect');
insert into categoriasLibros (NombreCategoria) values ('Software Engineer I');
insert into categoriasLibros (NombreCategoria) values ('Quality Control Specialist');
insert into categoriasLibros (NombreCategoria) values ('Environmental Specialist');
insert into categoriasLibros (NombreCategoria) values ('Health Coach III');
insert into categoriasLibros (NombreCategoria) values ('Geological Engineer');
insert into categoriasLibros (NombreCategoria) values ('Speech Pathologist');
insert into categoriasLibros (NombreCategoria) values ('Tax Accountant');
insert into categoriasLibros (NombreCategoria) values ('Product Engineer');
insert into categoriasLibros (NombreCategoria) values ('Junior Executive');
insert into categoriasLibros (NombreCategoria) values ('Data Coordinator');
insert into categoriasLibros (NombreCategoria) values ('Senior Developer');
insert into categoriasLibros (NombreCategoria) values ('Software Test Engineer II');
insert into categoriasLibros (NombreCategoria) values ('VP Quality Control');
insert into categoriasLibros (NombreCategoria) values ('Research Associate');
insert into categoriasLibros (NombreCategoria) values ('Senior Cost Accountant');
insert into categoriasLibros (NombreCategoria) values ('Teacher');
insert into categoriasLibros (NombreCategoria) values ('Librarian');
insert into categoriasLibros (NombreCategoria) values ('Geological Engineer');
insert into categoriasLibros (NombreCategoria) values ('Nurse');
insert into categoriasLibros (NombreCategoria) values ('Junior Executive');
insert into categoriasLibros (NombreCategoria) values ('Senior Developer');
insert into categoriasLibros (NombreCategoria) values ('Administrative Officer');
insert into categoriasLibros (NombreCategoria) values ('Senior Financial Analyst');
insert into categoriasLibros (NombreCategoria) values ('Programmer II');
insert into categoriasLibros (NombreCategoria) values ('Civil Engineer');
insert into categoriasLibros (NombreCategoria) values ('Occupational Therapist');
insert into categoriasLibros (NombreCategoria) values ('Engineer IV');
insert into categoriasLibros (NombreCategoria) values ('Compensation Analyst');

------------- Inserción de Datos librosCategorias -------------
insert into librosCategorias (IdLibros, IdCategorias) values (69, 23);
insert into librosCategorias (IdLibros, IdCategorias) values (91, 61);
insert into librosCategorias (IdLibros, IdCategorias) values (63, 88);
insert into librosCategorias (IdLibros, IdCategorias) values (76, 76);
insert into librosCategorias (IdLibros, IdCategorias) values (30, 19);
insert into librosCategorias (IdLibros, IdCategorias) values (82, 86);
insert into librosCategorias (IdLibros, IdCategorias) values (58, 1);
insert into librosCategorias (IdLibros, IdCategorias) values (70, 10);
insert into librosCategorias (IdLibros, IdCategorias) values (35, 37);
insert into librosCategorias (IdLibros, IdCategorias) values (38, 36);
insert into librosCategorias (IdLibros, IdCategorias) values (78, 58);
insert into librosCategorias (IdLibros, IdCategorias) values (63, 2);
insert into librosCategorias (IdLibros, IdCategorias) values (9, 61);
insert into librosCategorias (IdLibros, IdCategorias) values (20, 87);
insert into librosCategorias (IdLibros, IdCategorias) values (2, 84);
insert into librosCategorias (IdLibros, IdCategorias) values (96, 8);
insert into librosCategorias (IdLibros, IdCategorias) values (66, 99);
insert into librosCategorias (IdLibros, IdCategorias) values (90, 90);
insert into librosCategorias (IdLibros, IdCategorias) values (59, 84);
insert into librosCategorias (IdLibros, IdCategorias) values (68, 10);
insert into librosCategorias (IdLibros, IdCategorias) values (9, 25);
insert into librosCategorias (IdLibros, IdCategorias) values (75, 34);
insert into librosCategorias (IdLibros, IdCategorias) values (8, 27);
insert into librosCategorias (IdLibros, IdCategorias) values (1, 62);
insert into librosCategorias (IdLibros, IdCategorias) values (67, 91);
insert into librosCategorias (IdLibros, IdCategorias) values (62, 49);
insert into librosCategorias (IdLibros, IdCategorias) values (44, 21);
insert into librosCategorias (IdLibros, IdCategorias) values (97, 75);
insert into librosCategorias (IdLibros, IdCategorias) values (20, 19);
insert into librosCategorias (IdLibros, IdCategorias) values (67, 56);
insert into librosCategorias (IdLibros, IdCategorias) values (90, 21);
insert into librosCategorias (IdLibros, IdCategorias) values (49, 100);
insert into librosCategorias (IdLibros, IdCategorias) values (70, 42);
insert into librosCategorias (IdLibros, IdCategorias) values (38, 17);
insert into librosCategorias (IdLibros, IdCategorias) values (78, 24);
insert into librosCategorias (IdLibros, IdCategorias) values (58, 31);
insert into librosCategorias (IdLibros, IdCategorias) values (18, 85);
insert into librosCategorias (IdLibros, IdCategorias) values (26, 33);
insert into librosCategorias (IdLibros, IdCategorias) values (33, 47);
insert into librosCategorias (IdLibros, IdCategorias) values (61, 67);
insert into librosCategorias (IdLibros, IdCategorias) values (85, 16);
insert into librosCategorias (IdLibros, IdCategorias) values (56, 97);
insert into librosCategorias (IdLibros, IdCategorias) values (23, 52);
insert into librosCategorias (IdLibros, IdCategorias) values (66, 44);
insert into librosCategorias (IdLibros, IdCategorias) values (42, 40);
insert into librosCategorias (IdLibros, IdCategorias) values (60, 36);
insert into librosCategorias (IdLibros, IdCategorias) values (81, 80);
insert into librosCategorias (IdLibros, IdCategorias) values (19, 19);
insert into librosCategorias (IdLibros, IdCategorias) values (88, 22);
insert into librosCategorias (IdLibros, IdCategorias) values (33, 26);
insert into librosCategorias (IdLibros, IdCategorias) values (36, 54);
insert into librosCategorias (IdLibros, IdCategorias) values (34, 69);
insert into librosCategorias (IdLibros, IdCategorias) values (90, 33);
insert into librosCategorias (IdLibros, IdCategorias) values (77, 22);
insert into librosCategorias (IdLibros, IdCategorias) values (56, 20);
insert into librosCategorias (IdLibros, IdCategorias) values (26, 40);
insert into librosCategorias (IdLibros, IdCategorias) values (7, 9);
insert into librosCategorias (IdLibros, IdCategorias) values (95, 81);
insert into librosCategorias (IdLibros, IdCategorias) values (7, 30);
insert into librosCategorias (IdLibros, IdCategorias) values (94, 65);
insert into librosCategorias (IdLibros, IdCategorias) values (22, 96);
insert into librosCategorias (IdLibros, IdCategorias) values (32, 8);
insert into librosCategorias (IdLibros, IdCategorias) values (100, 82);
insert into librosCategorias (IdLibros, IdCategorias) values (78, 65);
insert into librosCategorias (IdLibros, IdCategorias) values (67, 2);
insert into librosCategorias (IdLibros, IdCategorias) values (34, 92);
insert into librosCategorias (IdLibros, IdCategorias) values (34, 39);
insert into librosCategorias (IdLibros, IdCategorias) values (30, 88);
insert into librosCategorias (IdLibros, IdCategorias) values (62, 72);
insert into librosCategorias (IdLibros, IdCategorias) values (43, 86);
insert into librosCategorias (IdLibros, IdCategorias) values (36, 15);
insert into librosCategorias (IdLibros, IdCategorias) values (31, 21);
insert into librosCategorias (IdLibros, IdCategorias) values (82, 12);
insert into librosCategorias (IdLibros, IdCategorias) values (55, 29);
insert into librosCategorias (IdLibros, IdCategorias) values (77, 37);
insert into librosCategorias (IdLibros, IdCategorias) values (57, 89);
insert into librosCategorias (IdLibros, IdCategorias) values (99, 73);
insert into librosCategorias (IdLibros, IdCategorias) values (86, 57);
insert into librosCategorias (IdLibros, IdCategorias) values (71, 62);
insert into librosCategorias (IdLibros, IdCategorias) values (12, 44);
insert into librosCategorias (IdLibros, IdCategorias) values (72, 23);
insert into librosCategorias (IdLibros, IdCategorias) values (43, 16);
insert into librosCategorias (IdLibros, IdCategorias) values (4, 8);
insert into librosCategorias (IdLibros, IdCategorias) values (69, 34);
insert into librosCategorias (IdLibros, IdCategorias) values (84, 33);
insert into librosCategorias (IdLibros, IdCategorias) values (47, 32);
insert into librosCategorias (IdLibros, IdCategorias) values (86, 21);
insert into librosCategorias (IdLibros, IdCategorias) values (95, 4);
insert into librosCategorias (IdLibros, IdCategorias) values (64, 18);
insert into librosCategorias (IdLibros, IdCategorias) values (88, 18);
insert into librosCategorias (IdLibros, IdCategorias) values (79, 68);
insert into librosCategorias (IdLibros, IdCategorias) values (79, 88);
insert into librosCategorias (IdLibros, IdCategorias) values (29, 53);
insert into librosCategorias (IdLibros, IdCategorias) values (53, 75);
insert into librosCategorias (IdLibros, IdCategorias) values (55, 67);
insert into librosCategorias (IdLibros, IdCategorias) values (59, 60);
insert into librosCategorias (IdLibros, IdCategorias) values (7, 60);
insert into librosCategorias (IdLibros, IdCategorias) values (6, 11);
insert into librosCategorias (IdLibros, IdCategorias) values (47, 50);
insert into librosCategorias (IdLibros, IdCategorias) values (3, 18);

------------- Inserción de Datos Empleados -------------
insert into empleados (NombreEmpleado, Puesto, Salario, FechaContratacion) values ('Betteanne Frondt', 'Nurse Practicioner', '13577.28', '2005-01-19');
insert into empleados (NombreEmpleado, Puesto, Salario, FechaContratacion) values ('Olivia Morston', 'General Manager', '5586.90', '2007-08-15');
insert into empleados (NombreEmpleado, Puesto, Salario, FechaContratacion) values ('Umeko Ollive', 'Actuary', '2850.65', '2012-01-09');
insert into empleados (NombreEmpleado, Puesto, Salario, FechaContratacion) values ('Silvester Chagg', 'Recruiter', '7921.42', '2019-07-11');
insert into empleados (NombreEmpleado, Puesto, Salario, FechaContratacion) values ('Annabella Plaide', 'Sales Representative', '18891.68', '2009-08-01');
insert into empleados (NombreEmpleado, Puesto, Salario, FechaContratacion) values ('Rica Oxton', 'Human Resources Assistant II', '7027.18', '2010-05-26');
insert into empleados (NombreEmpleado, Puesto, Salario, FechaContratacion) values ('Alysia Briars', 'Recruiter', '2540.52', '2021-03-28');
insert into empleados (NombreEmpleado, Puesto, Salario, FechaContratacion) values ('Rip Obray', 'Health Coach I', '10724.19', '2008-03-07');
insert into empleados (NombreEmpleado, Puesto, Salario, FechaContratacion) values ('Nichols Houndesome', 'Operator', '15109.81', '2007-05-23');
insert into empleados (NombreEmpleado, Puesto, Salario, FechaContratacion) values ('Sterling Schultheiss', 'Director of Sales', '11232.64', '2008-08-19');
insert into empleados (NombreEmpleado, Puesto, Salario, FechaContratacion) values ('Kalvin Scaife', 'Executive Secretary', '3701.77', '2013-07-06');
insert into empleados (NombreEmpleado, Puesto, Salario, FechaContratacion) values ('Kendrick Perroni', 'Senior Sales Associate', '2818.76', '2014-07-07');
insert into empleados (NombreEmpleado, Puesto, Salario, FechaContratacion) values ('Lethia Dimmack', 'Administrative Officer', '17618.38', '2022-11-07');
insert into empleados (NombreEmpleado, Puesto, Salario, FechaContratacion) values ('Tiebout Vickar', 'GIS Technical Architect', '12918.99', '2015-11-24');
insert into empleados (NombreEmpleado, Puesto, Salario, FechaContratacion) values ('Brenden Gooderidge', 'Research Nurse', '17852.79', '2019-06-01');
insert into empleados (NombreEmpleado, Puesto, Salario, FechaContratacion) values ('Yard Camps', 'Teacher', '8267.07', '2015-09-07');
insert into empleados (NombreEmpleado, Puesto, Salario, FechaContratacion) values ('Luisa Raiman', 'Senior Developer', '9335.42', '2019-04-07');
insert into empleados (NombreEmpleado, Puesto, Salario, FechaContratacion) values ('Adrianna Huffy', 'Operator', '4021.61', '2011-04-13');
insert into empleados (NombreEmpleado, Puesto, Salario, FechaContratacion) values ('Berke Andell', 'Account Coordinator', '15821.88', '2017-10-16');
insert into empleados (NombreEmpleado, Puesto, Salario, FechaContratacion) values ('Milton Shuxsmith', 'Office Assistant IV', '8246.66', '2018-08-23');
insert into empleados (NombreEmpleado, Puesto, Salario, FechaContratacion) values ('Estell Cosstick', 'Recruiter', '3604.26', '2010-10-31');
insert into empleados (NombreEmpleado, Puesto, Salario, FechaContratacion) values ('Adriaens Braidman', 'Health Coach I', '17902.02', '2005-03-24');
insert into empleados (NombreEmpleado, Puesto, Salario, FechaContratacion) values ('Reinwald Etridge', 'Help Desk Operator', '17088.92', '2016-09-20');
insert into empleados (NombreEmpleado, Puesto, Salario, FechaContratacion) values ('Daisey Duiged', 'Information Systems Manager', '17316.63', '2020-09-05');
insert into empleados (NombreEmpleado, Puesto, Salario, FechaContratacion) values ('Henrik Kirkman', 'Nurse', '15697.47', '2007-07-19');
insert into empleados (NombreEmpleado, Puesto, Salario, FechaContratacion) values ('Kassie Copnar', 'Analog Circuit Design manager', '4701.56', '2006-01-19');
insert into empleados (NombreEmpleado, Puesto, Salario, FechaContratacion) values ('Marie-ann Kirkebye', 'Financial Analyst', '10147.26', '2008-03-12');
insert into empleados (NombreEmpleado, Puesto, Salario, FechaContratacion) values ('Carey Davenall', 'Senior Sales Associate', '7546.82', '2015-02-19');
insert into empleados (NombreEmpleado, Puesto, Salario, FechaContratacion) values ('Wiley Grealy', 'Internal Auditor', '7597.69', '2011-08-07');
insert into empleados (NombreEmpleado, Puesto, Salario, FechaContratacion) values ('Nealon Mold', 'Senior Sales Associate', '18943.15', '2014-04-25');
insert into empleados (NombreEmpleado, Puesto, Salario, FechaContratacion) values ('Karita Cadagan', 'Financial Analyst', '8095.96', '2005-04-26');
insert into empleados (NombreEmpleado, Puesto, Salario, FechaContratacion) values ('Ruddie Rispine', 'Assistant Media Planner', '11253.50', '2022-12-07');
insert into empleados (NombreEmpleado, Puesto, Salario, FechaContratacion) values ('Nye Richten', 'Internal Auditor', '10015.75', '2017-08-01');
insert into empleados (NombreEmpleado, Puesto, Salario, FechaContratacion) values ('Gray Damrell', 'Account Executive', '2946.75', '2008-10-19');
insert into empleados (NombreEmpleado, Puesto, Salario, FechaContratacion) values ('Kyle Petric', 'Structural Analysis Engineer', '19736.93', '2015-12-27');
insert into empleados (NombreEmpleado, Puesto, Salario, FechaContratacion) values ('Welsh McDool', 'Social Worker', '12906.73', '2017-10-21');
insert into empleados (NombreEmpleado, Puesto, Salario, FechaContratacion) values ('Freida Spieght', 'Chemical Engineer', '18423.71', '2013-10-02');
insert into empleados (NombreEmpleado, Puesto, Salario, FechaContratacion) values ('Junia Ancliff', 'Engineer I', '10873.08', '2008-11-22');
insert into empleados (NombreEmpleado, Puesto, Salario, FechaContratacion) values ('Kristin Pitrelli', 'Media Manager I', '9109.47', '2011-06-28');
insert into empleados (NombreEmpleado, Puesto, Salario, FechaContratacion) values ('Freddie Duckhouse', 'Research Assistant IV', '5623.55', '2016-02-21');
insert into empleados (NombreEmpleado, Puesto, Salario, FechaContratacion) values ('Silvie Antley', 'Administrative Assistant IV', '17691.85', '2019-06-25');
insert into empleados (NombreEmpleado, Puesto, Salario, FechaContratacion) values ('Carilyn McPeake', 'Quality Engineer', '13368.63', '2017-04-19');
insert into empleados (NombreEmpleado, Puesto, Salario, FechaContratacion) values ('Bria Hryniewicz', 'Structural Analysis Engineer', '16225.82', '2018-06-23');
insert into empleados (NombreEmpleado, Puesto, Salario, FechaContratacion) values ('Mariel Fitchew', 'Assistant Media Planner', '14044.42', '2011-10-13');
insert into empleados (NombreEmpleado, Puesto, Salario, FechaContratacion) values ('Starr Tayt', 'Administrative Assistant II', '4745.72', '2019-11-05');
insert into empleados (NombreEmpleado, Puesto, Salario, FechaContratacion) values ('Rudd Govan', 'Software Consultant', '15186.89', '2015-04-08');
insert into empleados (NombreEmpleado, Puesto, Salario, FechaContratacion) values ('Lindsay Leeder', 'GIS Technical Architect', '5577.02', '2017-05-17');
insert into empleados (NombreEmpleado, Puesto, Salario, FechaContratacion) values ('Clemens Faint', 'Director of Sales', '15023.07', '2014-03-06');
insert into empleados (NombreEmpleado, Puesto, Salario, FechaContratacion) values ('Eadie Vlahos', 'Systems Administrator I', '4007.74', '2021-10-16');
insert into empleados (NombreEmpleado, Puesto, Salario, FechaContratacion) values ('Adah Maron', 'Analog Circuit Design manager', '15136.15', '2015-07-23');
insert into empleados (NombreEmpleado, Puesto, Salario, FechaContratacion) values ('Chicky Le Grys', 'Occupational Therapist', '7190.59', '2015-01-23');
insert into empleados (NombreEmpleado, Puesto, Salario, FechaContratacion) values ('Benedetta Whitehurst', 'Data Coordinator', '2811.45', '2020-05-18');
insert into empleados (NombreEmpleado, Puesto, Salario, FechaContratacion) values ('Minerva Bogey', 'Nuclear Power Engineer', '12237.54', '2008-08-30');
insert into empleados (NombreEmpleado, Puesto, Salario, FechaContratacion) values ('Timotheus Armatys', 'Assistant Manager', '13432.78', '2012-10-23');
insert into empleados (NombreEmpleado, Puesto, Salario, FechaContratacion) values ('Lexis Ayre', 'Registered Nurse', '4375.40', '2005-01-19');
insert into empleados (NombreEmpleado, Puesto, Salario, FechaContratacion) values ('Dagny Brotheridge', 'Senior Cost Accountant', '12122.12', '2010-01-11');
insert into empleados (NombreEmpleado, Puesto, Salario, FechaContratacion) values ('Carolan Formilli', 'Director of Sales', '2760.98', '2012-07-24');
insert into empleados (NombreEmpleado, Puesto, Salario, FechaContratacion) values ('Andreas Babonau', 'Software Engineer II', '3939.57', '2016-12-02');
insert into empleados (NombreEmpleado, Puesto, Salario, FechaContratacion) values ('Robinia Janicek', 'Community Outreach Specialist', '14249.97', '2022-10-10');
insert into empleados (NombreEmpleado, Puesto, Salario, FechaContratacion) values ('Reena O''Canavan', 'VP Product Management', '17524.87', '2006-08-04');
insert into empleados (NombreEmpleado, Puesto, Salario, FechaContratacion) values ('Wolfy McFaul', 'Teacher', '7765.80', '2005-09-11');
insert into empleados (NombreEmpleado, Puesto, Salario, FechaContratacion) values ('Lauri Limmer', 'Assistant Media Planner', '19242.62', '2018-12-02');
insert into empleados (NombreEmpleado, Puesto, Salario, FechaContratacion) values ('Silva Roskam', 'Physical Therapy Assistant', '17112.83', '2012-02-03');
insert into empleados (NombreEmpleado, Puesto, Salario, FechaContratacion) values ('Ricardo Southon', 'Environmental Tech', '2215.48', '2014-03-06');
insert into empleados (NombreEmpleado, Puesto, Salario, FechaContratacion) values ('Nels Grinyer', 'Administrative Officer', '13670.89', '2007-10-22');
insert into empleados (NombreEmpleado, Puesto, Salario, FechaContratacion) values ('Berty Blum', 'Staff Accountant IV', '14657.56', '2022-04-08');
insert into empleados (NombreEmpleado, Puesto, Salario, FechaContratacion) values ('Marty Escott', 'Human Resources Assistant IV', '15710.25', '2009-11-20');
insert into empleados (NombreEmpleado, Puesto, Salario, FechaContratacion) values ('Linda Hoogendorp', 'Design Engineer', '6696.18', '2016-01-05');
insert into empleados (NombreEmpleado, Puesto, Salario, FechaContratacion) values ('Elfrieda Antrim', 'Media Manager I', '7274.10', '2022-10-26');
insert into empleados (NombreEmpleado, Puesto, Salario, FechaContratacion) values ('Arlen Simenel', 'Administrative Officer', '5275.71', '2008-09-19');
insert into empleados (NombreEmpleado, Puesto, Salario, FechaContratacion) values ('Aube Redemile', 'Mechanical Systems Engineer', '15296.13', '2020-08-22');
insert into empleados (NombreEmpleado, Puesto, Salario, FechaContratacion) values ('Ber Breinl', 'Assistant Media Planner', '8233.87', '2013-08-26');
insert into empleados (NombreEmpleado, Puesto, Salario, FechaContratacion) values ('Valli Feetham', 'Speech Pathologist', '3439.86', '2013-11-29');
insert into empleados (NombreEmpleado, Puesto, Salario, FechaContratacion) values ('Avery Sigward', 'Software Test Engineer III', '16027.42', '2018-03-27');
insert into empleados (NombreEmpleado, Puesto, Salario, FechaContratacion) values ('Teresina Kirrens', 'Social Worker', '11931.41', '2016-10-25');
insert into empleados (NombreEmpleado, Puesto, Salario, FechaContratacion) values ('Ruggiero Dolby', 'Dental Hygienist', '12302.02', '2019-05-02');
insert into empleados (NombreEmpleado, Puesto, Salario, FechaContratacion) values ('Gabriell Fairfull', 'Software Test Engineer IV', '8032.77', '2018-05-11');
insert into empleados (NombreEmpleado, Puesto, Salario, FechaContratacion) values ('Selma Beake', 'Civil Engineer', '15455.20', '2018-03-27');
insert into empleados (NombreEmpleado, Puesto, Salario, FechaContratacion) values ('Nita Diem', 'Database Administrator II', '15240.64', '2015-07-13');
insert into empleados (NombreEmpleado, Puesto, Salario, FechaContratacion) values ('Thedrick Annandale', 'Teacher', '9161.03', '2008-09-25');
insert into empleados (NombreEmpleado, Puesto, Salario, FechaContratacion) values ('Aurelea Leetham', 'Dental Hygienist', '16095.22', '2009-12-17');
insert into empleados (NombreEmpleado, Puesto, Salario, FechaContratacion) values ('Gilemette Challender', 'Staff Scientist', '16216.36', '2012-02-13');
insert into empleados (NombreEmpleado, Puesto, Salario, FechaContratacion) values ('Cassandra Castella', 'Financial Advisor', '14381.16', '2011-01-09');
insert into empleados (NombreEmpleado, Puesto, Salario, FechaContratacion) values ('Antonina Stritton', 'Project Manager', '9292.31', '2012-02-23');
insert into empleados (NombreEmpleado, Puesto, Salario, FechaContratacion) values ('Aldwin Stamp', 'Cost Accountant', '11549.80', '2010-06-12');
insert into empleados (NombreEmpleado, Puesto, Salario, FechaContratacion) values ('Gretel Grisbrook', 'Web Designer III', '15680.45', '2007-01-13');
insert into empleados (NombreEmpleado, Puesto, Salario, FechaContratacion) values ('Asher Mohamed', 'Nuclear Power Engineer', '3581.52', '2016-07-14');
insert into empleados (NombreEmpleado, Puesto, Salario, FechaContratacion) values ('Adriena Mitkcov', 'Executive Secretary', '13177.58', '2018-04-07');
insert into empleados (NombreEmpleado, Puesto, Salario, FechaContratacion) values ('Fae Premble', 'Editor', '10860.33', '2010-09-03');
insert into empleados (NombreEmpleado, Puesto, Salario, FechaContratacion) values ('Dotti Linster', 'Biostatistician III', '7766.34', '2008-12-13');
insert into empleados (NombreEmpleado, Puesto, Salario, FechaContratacion) values ('Sophie Viles', 'Safety Technician II', '14548.64', '2011-09-27');
insert into empleados (NombreEmpleado, Puesto, Salario, FechaContratacion) values ('Sheila Riseborough', 'Human Resources Assistant IV', '16330.20', '2022-12-31');
insert into empleados (NombreEmpleado, Puesto, Salario, FechaContratacion) values ('Row Laviss', 'Actuary', '14424.02', '2015-12-11');
insert into empleados (NombreEmpleado, Puesto, Salario, FechaContratacion) values ('Abra Firebrace', 'Analyst Programmer', '6151.57', '2023-09-16');
insert into empleados (NombreEmpleado, Puesto, Salario, FechaContratacion) values ('Janeva Walton', 'Assistant Manager', '7012.18', '2020-10-08');
insert into empleados (NombreEmpleado, Puesto, Salario, FechaContratacion) values ('Poul Greenroad', 'Staff Scientist', '13653.10', '2011-09-23');
insert into empleados (NombreEmpleado, Puesto, Salario, FechaContratacion) values ('Lynsey Hounsome', 'Administrative Officer', '16623.25', '2013-05-05');
insert into empleados (NombreEmpleado, Puesto, Salario, FechaContratacion) values ('Vassili Juett', 'Pharmacist', '16475.87', '2023-01-26');
insert into empleados (NombreEmpleado, Puesto, Salario, FechaContratacion) values ('Bettine Camocke', 'Accountant III', '18685.69', '2016-05-22');
insert into empleados (NombreEmpleado, Puesto, Salario, FechaContratacion) values ('Shannah Bere', 'Editor', '9126.32', '2006-12-28');

------------- Inserción de Datos historialPrestamos -------------
insert into historialPrestamos (IdLibro, IdMiembro, FechaPrestamo, FechaDevolucion) values (52, 10, '2022-07-18', '2022-11-03');
insert into historialPrestamos (IdLibro, IdMiembro, FechaPrestamo, FechaDevolucion) values (29, 23, '2021-10-21', '2022-07-23');
insert into historialPrestamos (IdLibro, IdMiembro, FechaPrestamo, FechaDevolucion) values (96, 80, '2022-11-26', '2022-04-16');
insert into historialPrestamos (IdLibro, IdMiembro, FechaPrestamo, FechaDevolucion) values (78, 47, '2022-07-26', '2021-10-23');
insert into historialPrestamos (IdLibro, IdMiembro, FechaPrestamo, FechaDevolucion) values (36, 71, '2021-06-17', '2022-06-23');
insert into historialPrestamos (IdLibro, IdMiembro, FechaPrestamo, FechaDevolucion) values (26, 4, '2023-06-06', '2022-07-02');
insert into historialPrestamos (IdLibro, IdMiembro, FechaPrestamo, FechaDevolucion) values (83, 14, '2022-05-02', '2022-08-23');
insert into historialPrestamos (IdLibro, IdMiembro, FechaPrestamo, FechaDevolucion) values (11, 70, '2020-12-21', '2023-06-17');
insert into historialPrestamos (IdLibro, IdMiembro, FechaPrestamo, FechaDevolucion) values (67, 4, '2021-08-22', '2021-11-25');
insert into historialPrestamos (IdLibro, IdMiembro, FechaPrestamo, FechaDevolucion) values (64, 78, '2021-09-12', '2023-08-29');
insert into historialPrestamos (IdLibro, IdMiembro, FechaPrestamo, FechaDevolucion) values (66, 42, '2021-12-27', '2022-05-19');
insert into historialPrestamos (IdLibro, IdMiembro, FechaPrestamo, FechaDevolucion) values (50, 96, '2023-02-18', '2023-05-17');
insert into historialPrestamos (IdLibro, IdMiembro, FechaPrestamo, FechaDevolucion) values (37, 71, '2023-02-08', '2020-11-14');
insert into historialPrestamos (IdLibro, IdMiembro, FechaPrestamo, FechaDevolucion) values (3, 11, '2022-02-05', '2022-06-25');
insert into historialPrestamos (IdLibro, IdMiembro, FechaPrestamo, FechaDevolucion) values (14, 13, '2021-05-20', '2022-06-30');
insert into historialPrestamos (IdLibro, IdMiembro, FechaPrestamo, FechaDevolucion) values (80, 56, '2021-12-14', '2022-07-20');
insert into historialPrestamos (IdLibro, IdMiembro, FechaPrestamo, FechaDevolucion) values (59, 44, '2023-04-30', '2023-09-25');
insert into historialPrestamos (IdLibro, IdMiembro, FechaPrestamo, FechaDevolucion) values (79, 73, '2020-12-03', '2021-01-09');
insert into historialPrestamos (IdLibro, IdMiembro, FechaPrestamo, FechaDevolucion) values (81, 83, '2023-04-05', '2020-11-24');
insert into historialPrestamos (IdLibro, IdMiembro, FechaPrestamo, FechaDevolucion) values (51, 62, '2022-09-18', '2020-11-24');
insert into historialPrestamos (IdLibro, IdMiembro, FechaPrestamo, FechaDevolucion) values (42, 71, '2022-01-18', '2022-11-28');
insert into historialPrestamos (IdLibro, IdMiembro, FechaPrestamo, FechaDevolucion) values (1, 87, '2020-11-20', '2022-03-09');
insert into historialPrestamos (IdLibro, IdMiembro, FechaPrestamo, FechaDevolucion) values (96, 9, '2021-11-03', '2022-11-27');
insert into historialPrestamos (IdLibro, IdMiembro, FechaPrestamo, FechaDevolucion) values (17, 67, '2021-03-22', '2022-07-31');
insert into historialPrestamos (IdLibro, IdMiembro, FechaPrestamo, FechaDevolucion) values (35, 92, '2022-04-16', '2020-11-19');
insert into historialPrestamos (IdLibro, IdMiembro, FechaPrestamo, FechaDevolucion) values (73, 67, '2021-09-06', '2023-08-19');
insert into historialPrestamos (IdLibro, IdMiembro, FechaPrestamo, FechaDevolucion) values (53, 29, '2022-12-15', '2022-08-05');
insert into historialPrestamos (IdLibro, IdMiembro, FechaPrestamo, FechaDevolucion) values (34, 54, '2022-08-01', '2023-05-18');
insert into historialPrestamos (IdLibro, IdMiembro, FechaPrestamo, FechaDevolucion) values (73, 71, '2022-01-09', '2023-01-08');
insert into historialPrestamos (IdLibro, IdMiembro, FechaPrestamo, FechaDevolucion) values (91, 32, '2020-10-31', '2022-05-03');
insert into historialPrestamos (IdLibro, IdMiembro, FechaPrestamo, FechaDevolucion) values (95, 46, '2020-10-26', '2022-08-24');
insert into historialPrestamos (IdLibro, IdMiembro, FechaPrestamo, FechaDevolucion) values (6, 17, '2022-04-22', '2020-11-11');
insert into historialPrestamos (IdLibro, IdMiembro, FechaPrestamo, FechaDevolucion) values (19, 53, '2021-06-02', '2021-10-06');
insert into historialPrestamos (IdLibro, IdMiembro, FechaPrestamo, FechaDevolucion) values (46, 100, '2023-01-04', '2021-06-17');
insert into historialPrestamos (IdLibro, IdMiembro, FechaPrestamo, FechaDevolucion) values (20, 76, '2023-08-30', '2022-02-19');
insert into historialPrestamos (IdLibro, IdMiembro, FechaPrestamo, FechaDevolucion) values (44, 35, '2022-06-26', '2023-09-27');
insert into historialPrestamos (IdLibro, IdMiembro, FechaPrestamo, FechaDevolucion) values (77, 22, '2022-01-22', '2023-06-07');
insert into historialPrestamos (IdLibro, IdMiembro, FechaPrestamo, FechaDevolucion) values (66, 49, '2022-03-25', '2021-03-16');
insert into historialPrestamos (IdLibro, IdMiembro, FechaPrestamo, FechaDevolucion) values (67, 90, '2023-05-18', '2022-09-02');
insert into historialPrestamos (IdLibro, IdMiembro, FechaPrestamo, FechaDevolucion) values (25, 31, '2021-03-26', '2023-03-03');
insert into historialPrestamos (IdLibro, IdMiembro, FechaPrestamo, FechaDevolucion) values (43, 71, '2021-06-16', '2022-09-29');
insert into historialPrestamos (IdLibro, IdMiembro, FechaPrestamo, FechaDevolucion) values (58, 40, '2021-05-20', '2022-12-24');
insert into historialPrestamos (IdLibro, IdMiembro, FechaPrestamo, FechaDevolucion) values (98, 31, '2021-11-01', '2022-11-30');
insert into historialPrestamos (IdLibro, IdMiembro, FechaPrestamo, FechaDevolucion) values (81, 76, '2022-03-19', '2021-05-15');
insert into historialPrestamos (IdLibro, IdMiembro, FechaPrestamo, FechaDevolucion) values (30, 8, '2022-09-24', '2023-10-12');
insert into historialPrestamos (IdLibro, IdMiembro, FechaPrestamo, FechaDevolucion) values (90, 39, '2022-10-03', '2021-12-04');
insert into historialPrestamos (IdLibro, IdMiembro, FechaPrestamo, FechaDevolucion) values (68, 8, '2022-04-04', '2022-02-15');
insert into historialPrestamos (IdLibro, IdMiembro, FechaPrestamo, FechaDevolucion) values (65, 75, '2021-11-03', '2021-01-09');
insert into historialPrestamos (IdLibro, IdMiembro, FechaPrestamo, FechaDevolucion) values (86, 35, '2021-07-31', '2021-02-24');
insert into historialPrestamos (IdLibro, IdMiembro, FechaPrestamo, FechaDevolucion) values (29, 52, '2021-09-28', '2022-01-14');
insert into historialPrestamos (IdLibro, IdMiembro, FechaPrestamo, FechaDevolucion) values (53, 94, '2022-11-22', '2022-01-07');
insert into historialPrestamos (IdLibro, IdMiembro, FechaPrestamo, FechaDevolucion) values (8, 59, '2023-05-26', '2022-08-29');
insert into historialPrestamos (IdLibro, IdMiembro, FechaPrestamo, FechaDevolucion) values (19, 67, '2022-08-25', '2021-04-19');
insert into historialPrestamos (IdLibro, IdMiembro, FechaPrestamo, FechaDevolucion) values (20, 76, '2021-07-06', '2021-12-12');
insert into historialPrestamos (IdLibro, IdMiembro, FechaPrestamo, FechaDevolucion) values (25, 50, '2022-12-07', '2022-09-18');
insert into historialPrestamos (IdLibro, IdMiembro, FechaPrestamo, FechaDevolucion) values (74, 80, '2022-05-03', '2020-10-23');
insert into historialPrestamos (IdLibro, IdMiembro, FechaPrestamo, FechaDevolucion) values (90, 91, '2021-08-11', '2022-01-22');
insert into historialPrestamos (IdLibro, IdMiembro, FechaPrestamo, FechaDevolucion) values (18, 77, '2022-01-30', '2022-01-22');
insert into historialPrestamos (IdLibro, IdMiembro, FechaPrestamo, FechaDevolucion) values (43, 78, '2021-11-24', '2022-10-12');
insert into historialPrestamos (IdLibro, IdMiembro, FechaPrestamo, FechaDevolucion) values (9, 7, '2023-02-18', '2021-11-21');
insert into historialPrestamos (IdLibro, IdMiembro, FechaPrestamo, FechaDevolucion) values (70, 82, '2022-04-30', '2022-07-18');
insert into historialPrestamos (IdLibro, IdMiembro, FechaPrestamo, FechaDevolucion) values (57, 79, '2023-05-30', '2023-08-23');
insert into historialPrestamos (IdLibro, IdMiembro, FechaPrestamo, FechaDevolucion) values (22, 21, '2021-09-02', '2021-02-25');
insert into historialPrestamos (IdLibro, IdMiembro, FechaPrestamo, FechaDevolucion) values (85, 61, '2023-04-10', '2021-04-12');
insert into historialPrestamos (IdLibro, IdMiembro, FechaPrestamo, FechaDevolucion) values (47, 95, '2021-01-13', '2022-08-18');
insert into historialPrestamos (IdLibro, IdMiembro, FechaPrestamo, FechaDevolucion) values (76, 2, '2022-10-02', '2022-01-12');
insert into historialPrestamos (IdLibro, IdMiembro, FechaPrestamo, FechaDevolucion) values (76, 28, '2020-11-18', '2023-03-29');
insert into historialPrestamos (IdLibro, IdMiembro, FechaPrestamo, FechaDevolucion) values (30, 22, '2022-05-30', '2021-01-11');
insert into historialPrestamos (IdLibro, IdMiembro, FechaPrestamo, FechaDevolucion) values (80, 91, '2022-10-15', '2022-06-30');
insert into historialPrestamos (IdLibro, IdMiembro, FechaPrestamo, FechaDevolucion) values (18, 19, '2022-09-05', '2021-12-26');
insert into historialPrestamos (IdLibro, IdMiembro, FechaPrestamo, FechaDevolucion) values (80, 100, '2023-10-05', '2021-08-09');
insert into historialPrestamos (IdLibro, IdMiembro, FechaPrestamo, FechaDevolucion) values (60, 67, '2021-05-30', '2021-07-02');
insert into historialPrestamos (IdLibro, IdMiembro, FechaPrestamo, FechaDevolucion) values (99, 84, '2023-07-17', '2021-02-14');
insert into historialPrestamos (IdLibro, IdMiembro, FechaPrestamo, FechaDevolucion) values (10, 79, '2023-06-06', '2021-03-28');
insert into historialPrestamos (IdLibro, IdMiembro, FechaPrestamo, FechaDevolucion) values (36, 64, '2022-12-28', '2023-07-03');
insert into historialPrestamos (IdLibro, IdMiembro, FechaPrestamo, FechaDevolucion) values (97, 67, '2021-01-08', '2021-12-31');
insert into historialPrestamos (IdLibro, IdMiembro, FechaPrestamo, FechaDevolucion) values (63, 97, '2022-06-25', '2022-08-01');
insert into historialPrestamos (IdLibro, IdMiembro, FechaPrestamo, FechaDevolucion) values (2, 49, '2021-03-07', '2022-05-26');
insert into historialPrestamos (IdLibro, IdMiembro, FechaPrestamo, FechaDevolucion) values (7, 45, '2021-09-11', '2023-02-23');
insert into historialPrestamos (IdLibro, IdMiembro, FechaPrestamo, FechaDevolucion) values (83, 51, '2022-07-08', '2023-05-12');
insert into historialPrestamos (IdLibro, IdMiembro, FechaPrestamo, FechaDevolucion) values (78, 46, '2020-11-05', '2022-04-30');
insert into historialPrestamos (IdLibro, IdMiembro, FechaPrestamo, FechaDevolucion) values (41, 80, '2021-09-11', '2021-04-14');
insert into historialPrestamos (IdLibro, IdMiembro, FechaPrestamo, FechaDevolucion) values (68, 55, '2023-01-18', '2023-09-13');
insert into historialPrestamos (IdLibro, IdMiembro, FechaPrestamo, FechaDevolucion) values (3, 57, '2022-05-27', '2023-06-16');
insert into historialPrestamos (IdLibro, IdMiembro, FechaPrestamo, FechaDevolucion) values (100, 62, '2021-05-11', '2021-11-13');
insert into historialPrestamos (IdLibro, IdMiembro, FechaPrestamo, FechaDevolucion) values (39, 43, '2021-05-21', '2023-06-16');
insert into historialPrestamos (IdLibro, IdMiembro, FechaPrestamo, FechaDevolucion) values (15, 43, '2022-11-15', '2020-11-04');
insert into historialPrestamos (IdLibro, IdMiembro, FechaPrestamo, FechaDevolucion) values (12, 98, '2023-07-01', '2022-05-01');
insert into historialPrestamos (IdLibro, IdMiembro, FechaPrestamo, FechaDevolucion) values (20, 94, '2022-02-01', '2022-09-04');
insert into historialPrestamos (IdLibro, IdMiembro, FechaPrestamo, FechaDevolucion) values (93, 63, '2021-03-04', '2021-05-21');
insert into historialPrestamos (IdLibro, IdMiembro, FechaPrestamo, FechaDevolucion) values (16, 69, '2022-10-24', '2023-05-04');
insert into historialPrestamos (IdLibro, IdMiembro, FechaPrestamo, FechaDevolucion) values (50, 57, '2021-11-15', '2023-03-07');
insert into historialPrestamos (IdLibro, IdMiembro, FechaPrestamo, FechaDevolucion) values (57, 61, '2021-01-19', '2021-11-06');
insert into historialPrestamos (IdLibro, IdMiembro, FechaPrestamo, FechaDevolucion) values (10, 24, '2021-04-28', '2022-06-04');
insert into historialPrestamos (IdLibro, IdMiembro, FechaPrestamo, FechaDevolucion) values (25, 67, '2022-11-09', '2020-10-23');
insert into historialPrestamos (IdLibro, IdMiembro, FechaPrestamo, FechaDevolucion) values (28, 50, '2023-04-14', '2021-03-06');
insert into historialPrestamos (IdLibro, IdMiembro, FechaPrestamo, FechaDevolucion) values (69, 72, '2020-12-02', '2023-09-07');
insert into historialPrestamos (IdLibro, IdMiembro, FechaPrestamo, FechaDevolucion) values (97, 82, '2023-09-21', '2021-12-04');
insert into historialPrestamos (IdLibro, IdMiembro, FechaPrestamo, FechaDevolucion) values (57, 71, '2021-02-26', '2022-04-21');
insert into historialPrestamos (IdLibro, IdMiembro, FechaPrestamo, FechaDevolucion) values (6, 67, '2023-02-21', '2021-05-26');

------------- Inserción de Datos eventos -------------
insert into eventos (TituloEvento, Descripcion, FechaEvento, Lugar) values ('Coming Down the Mountain', 'IT Audit', '2022-11-29', '5 Barby Circle');
insert into eventos (TituloEvento, Descripcion, FechaEvento, Lugar) values ('Generation Iron', 'LCD Projectors', '2023-05-02', '8 Cascade Court');
insert into eventos (TituloEvento, Descripcion, FechaEvento, Lugar) values ('7 Dollars on the Red (Sette dollari sul rosso)', 'Technical Writing', '2022-10-25', '84 Killdeer Drive');
insert into eventos (TituloEvento, Descripcion, FechaEvento, Lugar) values ('SUBWAYStories: Tales from the Underground', 'BDC programming', '2020-11-19', '72 Havey Terrace');
insert into eventos (TituloEvento, Descripcion, FechaEvento, Lugar) values ('Cirque du Soleil: Dralion', 'Mentoring', '2023-09-25', '4869 Macpherson Center');
insert into eventos (TituloEvento, Descripcion, FechaEvento, Lugar) values ('The Last Round', 'Human Computer Interaction', '2022-02-27', '0 Norway Maple Alley');
insert into eventos (TituloEvento, Descripcion, FechaEvento, Lugar) values ('Now You See Me', 'iPhoto', '2021-11-08', '34 Walton Lane');
insert into eventos (TituloEvento, Descripcion, FechaEvento, Lugar) values ('Made in Dagenham', 'LPR', '2022-01-07', '9 Di Loreto Road');
insert into eventos (TituloEvento, Descripcion, FechaEvento, Lugar) values ('Bucktown', 'NPO', '2020-11-15', '25 Rutledge Parkway');
insert into eventos (TituloEvento, Descripcion, FechaEvento, Lugar) values ('Godzilla vs. Gigan (Chikyû kogeki meirei: Gojira tai Gaigan)', 'OTM', '2022-07-03', '10 Knutson Avenue');
insert into eventos (TituloEvento, Descripcion, FechaEvento, Lugar) values ('Beer', 'FF&amp;E', '2023-10-07', '81348 Lunder Hill');
insert into eventos (TituloEvento, Descripcion, FechaEvento, Lugar) values ('Premium Rush', 'Scheduling', '2021-03-15', '2118 Blaine Plaza');
insert into eventos (TituloEvento, Descripcion, FechaEvento, Lugar) values ('I''m the One That I Want', 'Psychology', '2022-11-01', '0636 Magdeline Road');
insert into eventos (TituloEvento, Descripcion, FechaEvento, Lugar) values ('Awful Dr. Orlof, The (Gritos en la Noche)', 'VC#', '2021-02-10', '6 Hoard Street');
insert into eventos (TituloEvento, Descripcion, FechaEvento, Lugar) values ('Bad Eggs', 'KNX', '2023-02-24', '32 Mallard Court');
insert into eventos (TituloEvento, Descripcion, FechaEvento, Lugar) values ('Metropolitan', 'NCFM Certified', '2020-11-28', '9719 Buell Circle');
insert into eventos (TituloEvento, Descripcion, FechaEvento, Lugar) values ('Feel the Noise', 'Glaucoma', '2022-05-11', '33269 Lakewood Trail');
insert into eventos (TituloEvento, Descripcion, FechaEvento, Lugar) values ('Moll Flanders', 'X-ray', '2023-05-27', '57 Redwing Junction');
insert into eventos (TituloEvento, Descripcion, FechaEvento, Lugar) values ('Narrow Margin', 'Editorial', '2022-02-06', '172 Union Terrace');
insert into eventos (TituloEvento, Descripcion, FechaEvento, Lugar) values ('Chariots of Fire', 'Microsoft Word', '2022-09-20', '4381 Toban Crossing');
insert into eventos (TituloEvento, Descripcion, FechaEvento, Lugar) values ('Riviera', 'Agile Project Management', '2022-02-26', '65 Summit Lane');
insert into eventos (TituloEvento, Descripcion, FechaEvento, Lugar) values ('Bay of Angels (La baie des anges)', 'Family Law', '2020-12-10', '41 Anniversary Court');
insert into eventos (TituloEvento, Descripcion, FechaEvento, Lugar) values ('Beyond All Boundaries', 'CCSP', '2022-01-09', '4815 Old Gate Junction');
insert into eventos (TituloEvento, Descripcion, FechaEvento, Lugar) values ('City Slacker', 'Civil Society', '2021-04-22', '469 Ridge Oak Road');
insert into eventos (TituloEvento, Descripcion, FechaEvento, Lugar) values ('Tyler Perry''s Temptation: Confessions of a Marriage Counselor', 'Surgery', '2021-08-29', '521 Dorton Street');
insert into eventos (TituloEvento, Descripcion, FechaEvento, Lugar) values ('Small Town Murder Songs', 'SLES', '2020-11-16', '284 Melvin Center');
insert into eventos (TituloEvento, Descripcion, FechaEvento, Lugar) values ('Taxi 2', 'SWIFT Payments', '2022-02-14', '24391 Mallory Court');
insert into eventos (TituloEvento, Descripcion, FechaEvento, Lugar) values ('Land Without Bread (Hurdes, tierra sin pan, Las)', 'Rational DOORS', '2022-12-26', '6 Hoffman Hill');
insert into eventos (TituloEvento, Descripcion, FechaEvento, Lugar) values ('Maniac', 'Windows', '2023-04-21', '2637 Eastlawn Point');
insert into eventos (TituloEvento, Descripcion, FechaEvento, Lugar) values ('Two Days in April', 'Business Objects Data Integrator', '2021-12-21', '8 Eliot Drive');
insert into eventos (TituloEvento, Descripcion, FechaEvento, Lugar) values ('I Wish (Kiseki)', 'IWR', '2022-06-03', '11 Brickson Park Circle');
insert into eventos (TituloEvento, Descripcion, FechaEvento, Lugar) values ('Mummy''s Curse, The', 'HDI', '2021-10-11', '00622 8th Center');
insert into eventos (TituloEvento, Descripcion, FechaEvento, Lugar) values ('Holiday (Jour de fête)', 'CMDB', '2023-03-04', '258 Division Avenue');
insert into eventos (TituloEvento, Descripcion, FechaEvento, Lugar) values ('Snow Creature, The', 'Sports Medicine', '2022-03-10', '82 Paget Alley');
insert into eventos (TituloEvento, Descripcion, FechaEvento, Lugar) values ('Meet Monica Velour', 'User Research', '2021-06-21', '923 Coleman Center');
insert into eventos (TituloEvento, Descripcion, FechaEvento, Lugar) values ('Romance & Cigarettes', 'Hatha Yoga', '2021-12-11', '4875 Mandrake Lane');
insert into eventos (TituloEvento, Descripcion, FechaEvento, Lugar) values ('Die Frau des Frisörs', 'Volunteer Training', '2021-09-16', '272 Summit Park');
insert into eventos (TituloEvento, Descripcion, FechaEvento, Lugar) values ('Mike Tyson:  Undisputed Truth', 'Quest vWorkspace', '2023-05-23', '413 Knutson Trail');
insert into eventos (TituloEvento, Descripcion, FechaEvento, Lugar) values ('Cyborg Girl (Boku no kanojo wa saibôgu)', 'Konica', '2022-11-26', '2287 Vidon Lane');
insert into eventos (TituloEvento, Descripcion, FechaEvento, Lugar) values ('Twisted', 'CNC Mill', '2022-03-04', '42 Scofield Hill');
insert into eventos (TituloEvento, Descripcion, FechaEvento, Lugar) values ('Chasing Liberty', 'Business Planning', '2022-08-28', '24 Butterfield Alley');
insert into eventos (TituloEvento, Descripcion, FechaEvento, Lugar) values ('Little Fridolf Becomes a Grandfather', 'Gourmet', '2021-06-06', '02552 Butterfield Road');
insert into eventos (TituloEvento, Descripcion, FechaEvento, Lugar) values ('Arabian Nights (Il fiore delle mille e una notte)', 'Emotional Intelligence', '2023-01-02', '98614 Fair Oaks Lane');
insert into eventos (TituloEvento, Descripcion, FechaEvento, Lugar) values ('3 Rooms of Melancholia, The (Melancholian 3 huonetta)', 'Ebooks', '2023-07-26', '5 Bellgrove Terrace');
insert into eventos (TituloEvento, Descripcion, FechaEvento, Lugar) values ('Dead Time: Kala', 'US Tax', '2021-09-23', '06 Dottie Park');
insert into eventos (TituloEvento, Descripcion, FechaEvento, Lugar) values ('Paisan (Paisà)', 'CV', '2022-12-07', '1 Rigney Way');
insert into eventos (TituloEvento, Descripcion, FechaEvento, Lugar) values ('For Ever Mozart', 'Internal Audit', '2021-08-23', '03 Daystar Trail');
insert into eventos (TituloEvento, Descripcion, FechaEvento, Lugar) values ('Road Home, The (Wo de fu qin mu qin)', 'Alternative Energy', '2021-12-24', '1 Golf Course Court');
insert into eventos (TituloEvento, Descripcion, FechaEvento, Lugar) values ('Strategy of the Snail, The (Estrategia del Caracol, La)', 'PIM-DM', '2023-04-27', '525 Dottie Road');
insert into eventos (TituloEvento, Descripcion, FechaEvento, Lugar) values ('Penguins of Madagascar', 'DDD', '2023-07-24', '6 Hollow Ridge Point');
insert into eventos (TituloEvento, Descripcion, FechaEvento, Lugar) values ('Man Who Came to Dinner, The', 'Product Development', '2023-02-24', '99 Clarendon Park');
insert into eventos (TituloEvento, Descripcion, FechaEvento, Lugar) values ('Mysterious Mr. Moto', 'OODBMS', '2023-04-26', '0 Schlimgen Pass');
insert into eventos (TituloEvento, Descripcion, FechaEvento, Lugar) values ('CrissCross', 'OLE', '2023-09-27', '63683 Lyons Way');
insert into eventos (TituloEvento, Descripcion, FechaEvento, Lugar) values ('Some Kind of Hero', 'European Union Politics', '2023-09-26', '21180 Sycamore Circle');
insert into eventos (TituloEvento, Descripcion, FechaEvento, Lugar) values ('Midnight Movies: From the Margin to the Mainstream', 'VXI', '2023-10-11', '29452 Esker Lane');
insert into eventos (TituloEvento, Descripcion, FechaEvento, Lugar) values ('Two if by Sea', 'Drilling', '2023-01-14', '2380 Center Pass');
insert into eventos (TituloEvento, Descripcion, FechaEvento, Lugar) values ('Analyze This', 'UDDI', '2023-09-10', '9 Sachtjen Lane');
insert into eventos (TituloEvento, Descripcion, FechaEvento, Lugar) values ('Revolutionary Girl Utena: Adolescence of Utena (a.k.a. Revolutionary Girl Utena the Movie) (Shoujo kakumei Utena: Adolescence mokushiroku)', 'Patrol', '2022-01-09', '057 Superior Center');
insert into eventos (TituloEvento, Descripcion, FechaEvento, Lugar) values ('Stunt Squad', 'Fashion Buying', '2023-09-17', '71 Parkside Crossing');
insert into eventos (TituloEvento, Descripcion, FechaEvento, Lugar) values ('Akira', 'Kaseya', '2022-08-05', '091 Judy Park');
insert into eventos (TituloEvento, Descripcion, FechaEvento, Lugar) values ('Dr. Jekyll and Ms. Hyde', 'AMI', '2022-02-22', '2 Independence Way');
insert into eventos (TituloEvento, Descripcion, FechaEvento, Lugar) values ('Wild Man Blues', 'AHU', '2021-08-16', '78400 Grim Court');
insert into eventos (TituloEvento, Descripcion, FechaEvento, Lugar) values ('Loft', 'XSI', '2021-09-01', '9036 Helena Court');
insert into eventos (TituloEvento, Descripcion, FechaEvento, Lugar) values ('Bosko''s Parlor Pranks', 'Wyse', '2021-05-12', '24542 Kedzie Terrace');
insert into eventos (TituloEvento, Descripcion, FechaEvento, Lugar) values ('Challenger Disaster, The', 'Brocade Fibre Switches', '2022-01-09', '282 Sundown Circle');
insert into eventos (TituloEvento, Descripcion, FechaEvento, Lugar) values ('Flodder', 'Golf', '2021-05-30', '6335 Bluejay Terrace');
insert into eventos (TituloEvento, Descripcion, FechaEvento, Lugar) values ('American Haunting, An', 'HACCP', '2021-08-17', '9 Sachtjen Pass');
insert into eventos (TituloEvento, Descripcion, FechaEvento, Lugar) values ('Prospero''s Books', 'Small Business Development', '2022-11-24', '28779 Nobel Pass');
insert into eventos (TituloEvento, Descripcion, FechaEvento, Lugar) values ('The Hyperboloid of Engineer Garin (Giperboloid inzhenera Garina)', 'SDL Tridion', '2023-01-23', '87 Fallview Court');
insert into eventos (TituloEvento, Descripcion, FechaEvento, Lugar) values ('Class Act', 'Real Estate Economics', '2021-12-24', '43 Leroy Point');
insert into eventos (TituloEvento, Descripcion, FechaEvento, Lugar) values ('Heavy Weather', 'Frozen Food', '2021-06-03', '501 Union Point');
insert into eventos (TituloEvento, Descripcion, FechaEvento, Lugar) values ('Kabhi Haan Kabhi Naa', 'TPC', '2021-01-28', '3 Shelley Junction');
insert into eventos (TituloEvento, Descripcion, FechaEvento, Lugar) values ('Pompatus of Love, The', 'JBL', '2021-09-02', '21 John Wall Place');
insert into eventos (TituloEvento, Descripcion, FechaEvento, Lugar) values ('Osmosis (Osmose)', 'Qt', '2021-02-17', '3707 Sloan Lane');
insert into eventos (TituloEvento, Descripcion, FechaEvento, Lugar) values ('Anaconda III', 'Mycobacteriology', '2022-12-04', '6 Division Place');
insert into eventos (TituloEvento, Descripcion, FechaEvento, Lugar) values ('Damnation (Karhozat)', 'Aerospace', '2022-03-10', '46171 Brentwood Parkway');
insert into eventos (TituloEvento, Descripcion, FechaEvento, Lugar) values ('54', 'SMO', '2023-03-16', '0443 Chinook Junction');
insert into eventos (TituloEvento, Descripcion, FechaEvento, Lugar) values ('4 Little Girls', 'Quantitative Research', '2023-05-10', '48 Hansons Trail');
insert into eventos (TituloEvento, Descripcion, FechaEvento, Lugar) values ('Black & White & Sex', 'RHCE', '2022-07-22', '4435 Bay Lane');
insert into eventos (TituloEvento, Descripcion, FechaEvento, Lugar) values ('Lost Souls', 'Executive Administrative Assistance', '2021-11-30', '56 Ridgeview Park');
insert into eventos (TituloEvento, Descripcion, FechaEvento, Lugar) values ('Tony Rome', 'Cash Handling', '2022-03-18', '920 Ramsey Avenue');
insert into eventos (TituloEvento, Descripcion, FechaEvento, Lugar) values ('Dragon Ball Z: Fusion Reborn (Doragon bôru Z 12: Fukkatsu no fyushon!! Gokû to Bejîta)', 'Ethical Decision Making', '2023-05-04', '257 Prairie Rose Lane');
insert into eventos (TituloEvento, Descripcion, FechaEvento, Lugar) values ('Bundle of Joy', 'Operational Efficiency', '2021-02-22', '46725 Coleman Place');
insert into eventos (TituloEvento, Descripcion, FechaEvento, Lugar) values ('Small Change (Argent de poche, L'')', 'Hazardous Materials', '2021-05-06', '9118 Trailsway Place');
insert into eventos (TituloEvento, Descripcion, FechaEvento, Lugar) values ('Jacques Brel Is Alive and Well and Living in Paris', 'FDR', '2022-04-09', '299 Reinke Lane');
insert into eventos (TituloEvento, Descripcion, FechaEvento, Lugar) values ('Yeti: The Giant of the 20th Century', 'SnapMirror', '2023-08-28', '200 Iowa Center');
insert into eventos (TituloEvento, Descripcion, FechaEvento, Lugar) values ('The Seven Males', 'Updos', '2021-10-27', '0 Lighthouse Bay Drive');
insert into eventos (TituloEvento, Descripcion, FechaEvento, Lugar) values ('Pickpocket', 'Pyrolysis', '2021-03-15', '2313 1st Hill');
insert into eventos (TituloEvento, Descripcion, FechaEvento, Lugar) values ('Nora''s Will (Cinco días sin Nora)', 'XFS', '2022-05-19', '6391 Lake View Junction');
insert into eventos (TituloEvento, Descripcion, FechaEvento, Lugar) values ('Rules of Engagement', 'Boat', '2021-10-27', '5396 Coolidge Lane');
insert into eventos (TituloEvento, Descripcion, FechaEvento, Lugar) values ('Get Crazy', 'Ocean Transportation', '2022-04-19', '379 Dapin Court');
insert into eventos (TituloEvento, Descripcion, FechaEvento, Lugar) values ('Tunnel, The', 'Logic Pro', '2021-03-30', '7153 Melvin Circle');
insert into eventos (TituloEvento, Descripcion, FechaEvento, Lugar) values ('Armageddon 2012', 'Hardware', '2022-02-13', '1085 Jackson Way');
insert into eventos (TituloEvento, Descripcion, FechaEvento, Lugar) values ('Restless Souls (Bag det stille ydre)', 'Mac OS', '2022-12-13', '02392 Dryden Park');
insert into eventos (TituloEvento, Descripcion, FechaEvento, Lugar) values ('Operator 13', 'Applied Mathematics', '2021-02-07', '52681 Browning Crossing');
insert into eventos (TituloEvento, Descripcion, FechaEvento, Lugar) values ('Black Cloud', 'Updos', '2022-02-03', '9 Oakridge Place');
insert into eventos (TituloEvento, Descripcion, FechaEvento, Lugar) values ('Federal Hill', 'Bass Guitar', '2022-07-22', '3 Schurz Road');
insert into eventos (TituloEvento, Descripcion, FechaEvento, Lugar) values ('Hothead (Coup de tête)', 'Classical', '2022-10-11', '73949 Toban Court');
insert into eventos (TituloEvento, Descripcion, FechaEvento, Lugar) values ('Manhunt', 'International Shipping', '2023-03-29', '7281 East Junction');
insert into eventos (TituloEvento, Descripcion, FechaEvento, Lugar) values ('Moonlight Mile', 'SDLC', '2020-12-21', '8 Tony Street');

------------- Inserción de Datos participantesEventos -------------
insert into participantesEventos (IdEvento, IdMiembro) values (5, 41);
insert into participantesEventos (IdEvento, IdMiembro) values (68, 9);
insert into participantesEventos (IdEvento, IdMiembro) values (49, 16);
insert into participantesEventos (IdEvento, IdMiembro) values (93, 74);
insert into participantesEventos (IdEvento, IdMiembro) values (9, 72);
insert into participantesEventos (IdEvento, IdMiembro) values (21, 8);
insert into participantesEventos (IdEvento, IdMiembro) values (20, 10);
insert into participantesEventos (IdEvento, IdMiembro) values (2, 8);
insert into participantesEventos (IdEvento, IdMiembro) values (46, 74);
insert into participantesEventos (IdEvento, IdMiembro) values (31, 68);
insert into participantesEventos (IdEvento, IdMiembro) values (57, 85);
insert into participantesEventos (IdEvento, IdMiembro) values (78, 77);
insert into participantesEventos (IdEvento, IdMiembro) values (6, 26);
insert into participantesEventos (IdEvento, IdMiembro) values (46, 4);
insert into participantesEventos (IdEvento, IdMiembro) values (80, 39);
insert into participantesEventos (IdEvento, IdMiembro) values (67, 53);
insert into participantesEventos (IdEvento, IdMiembro) values (8, 5);
insert into participantesEventos (IdEvento, IdMiembro) values (75, 91);
insert into participantesEventos (IdEvento, IdMiembro) values (39, 11);
insert into participantesEventos (IdEvento, IdMiembro) values (86, 4);
insert into participantesEventos (IdEvento, IdMiembro) values (22, 60);
insert into participantesEventos (IdEvento, IdMiembro) values (93, 81);
insert into participantesEventos (IdEvento, IdMiembro) values (87, 59);
insert into participantesEventos (IdEvento, IdMiembro) values (90, 44);
insert into participantesEventos (IdEvento, IdMiembro) values (35, 88);
insert into participantesEventos (IdEvento, IdMiembro) values (73, 12);
insert into participantesEventos (IdEvento, IdMiembro) values (68, 17);
insert into participantesEventos (IdEvento, IdMiembro) values (92, 96);
insert into participantesEventos (IdEvento, IdMiembro) values (46, 72);
insert into participantesEventos (IdEvento, IdMiembro) values (65, 2);
insert into participantesEventos (IdEvento, IdMiembro) values (74, 75);
insert into participantesEventos (IdEvento, IdMiembro) values (73, 77);
insert into participantesEventos (IdEvento, IdMiembro) values (39, 48);
insert into participantesEventos (IdEvento, IdMiembro) values (16, 86);
insert into participantesEventos (IdEvento, IdMiembro) values (72, 19);
insert into participantesEventos (IdEvento, IdMiembro) values (83, 96);
insert into participantesEventos (IdEvento, IdMiembro) values (62, 59);
insert into participantesEventos (IdEvento, IdMiembro) values (14, 56);
insert into participantesEventos (IdEvento, IdMiembro) values (48, 98);
insert into participantesEventos (IdEvento, IdMiembro) values (27, 42);
insert into participantesEventos (IdEvento, IdMiembro) values (56, 27);
insert into participantesEventos (IdEvento, IdMiembro) values (82, 37);
insert into participantesEventos (IdEvento, IdMiembro) values (97, 90);
insert into participantesEventos (IdEvento, IdMiembro) values (14, 1);
insert into participantesEventos (IdEvento, IdMiembro) values (57, 34);
insert into participantesEventos (IdEvento, IdMiembro) values (76, 97);
insert into participantesEventos (IdEvento, IdMiembro) values (6, 95);
insert into participantesEventos (IdEvento, IdMiembro) values (53, 70);
insert into participantesEventos (IdEvento, IdMiembro) values (93, 68);
insert into participantesEventos (IdEvento, IdMiembro) values (39, 79);
insert into participantesEventos (IdEvento, IdMiembro) values (65, 17);
insert into participantesEventos (IdEvento, IdMiembro) values (61, 95);
insert into participantesEventos (IdEvento, IdMiembro) values (76, 27);
insert into participantesEventos (IdEvento, IdMiembro) values (51, 43);
insert into participantesEventos (IdEvento, IdMiembro) values (34, 5);
insert into participantesEventos (IdEvento, IdMiembro) values (37, 18);
insert into participantesEventos (IdEvento, IdMiembro) values (81, 90);
insert into participantesEventos (IdEvento, IdMiembro) values (81, 18);
insert into participantesEventos (IdEvento, IdMiembro) values (94, 68);
insert into participantesEventos (IdEvento, IdMiembro) values (74, 28);
insert into participantesEventos (IdEvento, IdMiembro) values (85, 53);
insert into participantesEventos (IdEvento, IdMiembro) values (12, 73);
insert into participantesEventos (IdEvento, IdMiembro) values (95, 82);
insert into participantesEventos (IdEvento, IdMiembro) values (72, 91);
insert into participantesEventos (IdEvento, IdMiembro) values (20, 37);
insert into participantesEventos (IdEvento, IdMiembro) values (12, 31);
insert into participantesEventos (IdEvento, IdMiembro) values (15, 28);
insert into participantesEventos (IdEvento, IdMiembro) values (69, 58);
insert into participantesEventos (IdEvento, IdMiembro) values (95, 54);
insert into participantesEventos (IdEvento, IdMiembro) values (7, 56);
insert into participantesEventos (IdEvento, IdMiembro) values (43, 80);
insert into participantesEventos (IdEvento, IdMiembro) values (5, 56);
insert into participantesEventos (IdEvento, IdMiembro) values (88, 54);
insert into participantesEventos (IdEvento, IdMiembro) values (77, 22);
insert into participantesEventos (IdEvento, IdMiembro) values (96, 84);
insert into participantesEventos (IdEvento, IdMiembro) values (47, 57);
insert into participantesEventos (IdEvento, IdMiembro) values (82, 79);
insert into participantesEventos (IdEvento, IdMiembro) values (5, 97);
insert into participantesEventos (IdEvento, IdMiembro) values (27, 26);
insert into participantesEventos (IdEvento, IdMiembro) values (68, 71);
insert into participantesEventos (IdEvento, IdMiembro) values (24, 65);
insert into participantesEventos (IdEvento, IdMiembro) values (5, 62);
insert into participantesEventos (IdEvento, IdMiembro) values (81, 31);
insert into participantesEventos (IdEvento, IdMiembro) values (24, 62);
insert into participantesEventos (IdEvento, IdMiembro) values (57, 63);
insert into participantesEventos (IdEvento, IdMiembro) values (15, 76);
insert into participantesEventos (IdEvento, IdMiembro) values (27, 86);
insert into participantesEventos (IdEvento, IdMiembro) values (82, 97);
insert into participantesEventos (IdEvento, IdMiembro) values (56, 74);
insert into participantesEventos (IdEvento, IdMiembro) values (61, 21);
insert into participantesEventos (IdEvento, IdMiembro) values (96, 51);
insert into participantesEventos (IdEvento, IdMiembro) values (98, 74);
insert into participantesEventos (IdEvento, IdMiembro) values (73, 69);
insert into participantesEventos (IdEvento, IdMiembro) values (75, 40);
insert into participantesEventos (IdEvento, IdMiembro) values (16, 80);
insert into participantesEventos (IdEvento, IdMiembro) values (29, 36);
insert into participantesEventos (IdEvento, IdMiembro) values (98, 91);
insert into participantesEventos (IdEvento, IdMiembro) values (60, 68);
insert into participantesEventos (IdEvento, IdMiembro) values (23, 29);
insert into participantesEventos (IdEvento, IdMiembro) values (7, 12);